ISO-10303-21;
HEADER;
/* Generated by software containing ST-Developer
 * from STEP Tools, Inc. (www.steptools.com) 
 */

FILE_DESCRIPTION(
/* description */ (''),
/* implementation_level */ '2;1');

FILE_NAME(
/* name */ 'Top half.step',
/* time_stamp */ '2026-09-16T23:59:36+10:00',
/* author */ (''),
/* organization */ (''),
/* preprocessor_version */ 'ST-DEVELOPER v20.1',
/* originating_system */ 'Autodesk Translation Framework v15.8.0.0',
/* authorisation */ '');

FILE_SCHEMA (('AUTOMOTIVE_DESIGN { 1 0 10303 214 3 1 1 }'));
ENDSEC;

DATA;
#10=MECHANICAL_DESIGN_GEOMETRIC_PRESENTATION_REPRESENTATION('',(#116,#117,
#118,#119,#120,#121,#122,#123,#124,#125),#4912);
#11=SHAPE_REPRESENTATION_RELATIONSHIP('SRR','None',#4919,#12);
#12=ADVANCED_BREP_SHAPE_REPRESENTATION('',(#13),#4911);
#13=MANIFOLD_SOLID_BREP('Top half',#2772);
#14=FACE_BOUND('',#398,.T.);
#15=FACE_BOUND('',#432,.T.);
#16=FACE_BOUND('',#433,.T.);
#17=FACE_BOUND('',#434,.T.);
#18=FACE_BOUND('',#435,.T.);
#19=FACE_BOUND('',#436,.T.);
#20=FACE_BOUND('',#437,.T.);
#21=FACE_BOUND('',#438,.T.);
#22=FACE_BOUND('',#439,.T.);
#23=FACE_BOUND('',#440,.T.);
#24=FACE_BOUND('',#441,.T.);
#25=FACE_BOUND('',#442,.T.);
#26=FACE_BOUND('',#443,.T.);
#27=FACE_BOUND('',#444,.T.);
#28=FACE_BOUND('',#445,.T.);
#29=FACE_BOUND('',#461,.T.);
#30=FACE_BOUND('',#464,.T.);
#31=FACE_BOUND('',#489,.T.);
#32=FACE_BOUND('',#490,.T.);
#33=FACE_BOUND('',#491,.T.);
#34=FACE_BOUND('',#492,.T.);
#35=B_SPLINE_CURVE_WITH_KNOTS('',3,(#3931,#3932,#3933,#3934,#3935,#3936),
 .UNSPECIFIED.,.F.,.F.,(4,2,4),(0.,0.0502176454005675,0.0996356640373069),
 .UNSPECIFIED.);
#36=B_SPLINE_CURVE_WITH_KNOTS('',3,(#3939,#3940,#3941,#3942,#3943,#3944),
 .UNSPECIFIED.,.F.,.F.,(4,2,4),(0.,0.0502176454005675,0.0996356640373069),
 .UNSPECIFIED.);
#37=B_SPLINE_CURVE_WITH_KNOTS('',3,(#3958,#3959,#3960,#3961,#3962,#3963),
 .UNSPECIFIED.,.F.,.F.,(4,2,4),(0.,0.0428883990358964,0.0858302785105184),
 .UNSPECIFIED.);
#38=B_SPLINE_CURVE_WITH_KNOTS('',3,(#3966,#3967,#3968,#3969,#3970,#3971),
 .UNSPECIFIED.,.F.,.F.,(4,2,4),(0.,0.0428883990358964,0.0858302785105184),
 .UNSPECIFIED.);
#39=B_SPLINE_CURVE_WITH_KNOTS('',3,(#3985,#3986,#3987,#3988,#3989,#3990),
 .UNSPECIFIED.,.F.,.F.,(4,2,4),(0.,0.0443965309485158,0.0887502459804844),
 .UNSPECIFIED.);
#40=B_SPLINE_CURVE_WITH_KNOTS('',3,(#3993,#3994,#3995,#3996,#3997,#3998),
 .UNSPECIFIED.,.F.,.F.,(4,2,4),(0.,0.0443965309485158,0.0887502459804844),
 .UNSPECIFIED.);
#41=B_SPLINE_CURVE_WITH_KNOTS('',3,(#4012,#4013,#4014,#4015,#4016,#4017),
 .UNSPECIFIED.,.F.,.F.,(4,2,4),(0.,0.0205154750116571,0.0410282297443006),
 .UNSPECIFIED.);
#42=B_SPLINE_CURVE_WITH_KNOTS('',3,(#4020,#4021,#4022,#4023,#4024,#4025),
 .UNSPECIFIED.,.F.,.F.,(4,2,4),(0.,0.0205154750116571,0.0410282297443006),
 .UNSPECIFIED.);
#43=B_SPLINE_CURVE_WITH_KNOTS('',3,(#4039,#4040,#4041,#4042,#4043,#4044),
 .UNSPECIFIED.,.F.,.F.,(4,2,4),(0.,0.024209966673015,0.0487629461779505),
 .UNSPECIFIED.);
#44=B_SPLINE_CURVE_WITH_KNOTS('',3,(#4047,#4048,#4049,#4050,#4051,#4052),
 .UNSPECIFIED.,.F.,.F.,(4,2,4),(0.,0.024209966673015,0.0487629461779505),
 .UNSPECIFIED.);
#45=B_SPLINE_CURVE_WITH_KNOTS('',3,(#4078,#4079,#4080,#4081,#4082,#4083),
 .UNSPECIFIED.,.F.,.F.,(4,2,4),(0.,0.0382813101408901,0.0754583267180592),
 .UNSPECIFIED.);
#46=B_SPLINE_CURVE_WITH_KNOTS('',3,(#4086,#4087,#4088,#4089,#4090,#4091),
 .UNSPECIFIED.,.F.,.F.,(4,2,4),(0.,0.0382813101408901,0.0754583267180592),
 .UNSPECIFIED.);
#47=B_SPLINE_CURVE_WITH_KNOTS('',3,(#4105,#4106,#4107,#4108,#4109,#4110),
 .UNSPECIFIED.,.F.,.F.,(4,2,4),(0.,0.0280868266967266,0.0562497244592389),
 .UNSPECIFIED.);
#48=B_SPLINE_CURVE_WITH_KNOTS('',3,(#4113,#4114,#4115,#4116,#4117,#4118),
 .UNSPECIFIED.,.F.,.F.,(4,2,4),(0.,0.0280868266967266,0.0562497244592389),
 .UNSPECIFIED.);
#49=B_SPLINE_CURVE_WITH_KNOTS('',3,(#4132,#4133,#4134,#4135,#4136,#4137),
 .UNSPECIFIED.,.F.,.F.,(4,2,4),(0.,0.0605845219584865,0.121214468241634),
 .UNSPECIFIED.);
#50=B_SPLINE_CURVE_WITH_KNOTS('',3,(#4140,#4141,#4142,#4143,#4144,#4145),
 .UNSPECIFIED.,.F.,.F.,(4,2,4),(0.,0.0605845219584865,0.121214468241634),
 .UNSPECIFIED.);
#51=B_SPLINE_CURVE_WITH_KNOTS('',3,(#4159,#4160,#4161,#4162,#4163,#4164),
 .UNSPECIFIED.,.F.,.F.,(4,2,4),(0.,0.0624852877195243,0.124887641434883),
 .UNSPECIFIED.);
#52=B_SPLINE_CURVE_WITH_KNOTS('',3,(#4167,#4168,#4169,#4170,#4171,#4172),
 .UNSPECIFIED.,.F.,.F.,(4,2,4),(0.,0.0624852877195243,0.124887641434883),
 .UNSPECIFIED.);
#53=B_SPLINE_CURVE_WITH_KNOTS('',3,(#4186,#4187,#4188,#4189,#4190,#4191),
 .UNSPECIFIED.,.F.,.F.,(4,2,4),(0.,0.0289109741597232,0.0578116332952331),
 .UNSPECIFIED.);
#54=B_SPLINE_CURVE_WITH_KNOTS('',3,(#4194,#4195,#4196,#4197,#4198,#4199),
 .UNSPECIFIED.,.F.,.F.,(4,2,4),(0.,0.0289109741597232,0.0578116332952331),
 .UNSPECIFIED.);
#55=B_SPLINE_CURVE_WITH_KNOTS('',3,(#4213,#4214,#4215,#4216,#4217,#4218),
 .UNSPECIFIED.,.F.,.F.,(4,2,4),(0.,0.0341559055128943,0.0691370632010502),
 .UNSPECIFIED.);
#56=B_SPLINE_CURVE_WITH_KNOTS('',3,(#4221,#4222,#4223,#4224,#4225,#4226),
 .UNSPECIFIED.,.F.,.F.,(4,2,4),(0.,0.0341559055128943,0.0691370632010502),
 .UNSPECIFIED.);
#57=B_SPLINE_CURVE_WITH_KNOTS('',3,(#4259,#4260,#4261,#4262,#4263,#4264),
 .UNSPECIFIED.,.F.,.F.,(4,2,4),(0.,0.0267444279189933,0.0531314714091955),
 .UNSPECIFIED.);
#58=B_SPLINE_CURVE_WITH_KNOTS('',3,(#4267,#4268,#4269,#4270,#4271,#4272),
 .UNSPECIFIED.,.F.,.F.,(4,2,4),(0.,0.0267444279189933,0.0531314714091955),
 .UNSPECIFIED.);
#59=B_SPLINE_CURVE_WITH_KNOTS('',3,(#4286,#4287,#4288,#4289,#4290,#4291),
 .UNSPECIFIED.,.F.,.F.,(4,2,4),(0.,0.018559483868367,0.0367898008356952),
 .UNSPECIFIED.);
#60=B_SPLINE_CURVE_WITH_KNOTS('',3,(#4294,#4295,#4296,#4297,#4298,#4299),
 .UNSPECIFIED.,.F.,.F.,(4,2,4),(0.,0.018559483868367,0.0367898008356952),
 .UNSPECIFIED.);
#61=B_SPLINE_CURVE_WITH_KNOTS('',3,(#4313,#4314,#4315,#4316,#4317,#4318),
 .UNSPECIFIED.,.F.,.F.,(4,2,4),(0.,0.0248511565721954,0.0496740542950864),
 .UNSPECIFIED.);
#62=B_SPLINE_CURVE_WITH_KNOTS('',3,(#4321,#4322,#4323,#4324,#4325,#4326),
 .UNSPECIFIED.,.F.,.F.,(4,2,4),(0.,0.0248511565721954,0.0496740542950864),
 .UNSPECIFIED.);
#63=B_SPLINE_CURVE_WITH_KNOTS('',3,(#4340,#4341,#4342,#4343,#4344,#4345),
 .UNSPECIFIED.,.F.,.F.,(4,2,4),(0.,0.0349248270933561,0.0698494118663051),
 .UNSPECIFIED.);
#64=B_SPLINE_CURVE_WITH_KNOTS('',3,(#4348,#4349,#4350,#4351,#4352,#4353),
 .UNSPECIFIED.,.F.,.F.,(4,2,4),(0.,0.0349248270933561,0.0698494118663051),
 .UNSPECIFIED.);
#65=B_SPLINE_CURVE_WITH_KNOTS('',3,(#4367,#4368,#4369,#4370,#4371,#4372),
 .UNSPECIFIED.,.F.,.F.,(4,2,4),(0.,0.0361040173554238,0.072237307507673),
 .UNSPECIFIED.);
#66=B_SPLINE_CURVE_WITH_KNOTS('',3,(#4375,#4376,#4377,#4378,#4379,#4380),
 .UNSPECIFIED.,.F.,.F.,(4,2,4),(0.,0.0361040173554238,0.072237307507673),
 .UNSPECIFIED.);
#67=B_SPLINE_CURVE_WITH_KNOTS('',3,(#4402,#4403,#4404,#4405,#4406,#4407,
#4408,#4409,#4410,#4411),.UNSPECIFIED.,.F.,.F.,(4,2,2,2,4),(0.,0.0544166576384423,
0.0886851750304113,0.127983219611923,0.214606143146026),.UNSPECIFIED.);
#68=B_SPLINE_CURVE_WITH_KNOTS('',3,(#4414,#4415,#4416,#4417,#4418,#4419,
#4420,#4421,#4422,#4423),.UNSPECIFIED.,.F.,.F.,(4,2,2,2,4),(0.,0.0544166576384423,
0.0886851750304113,0.127983219611923,0.214606143146026),.UNSPECIFIED.);
#69=B_SPLINE_CURVE_WITH_KNOTS('',3,(#4451,#4452,#4453,#4454,#4455,#4456,
#4457,#4458,#4459,#4460),.UNSPECIFIED.,.F.,.F.,(4,2,2,2,4),(0.,0.0264736351551426,
0.0458485174026005,0.0691407345265395,0.122903141014548),.UNSPECIFIED.);
#70=B_SPLINE_CURVE_WITH_KNOTS('',3,(#4463,#4464,#4465,#4466,#4467,#4468,
#4469,#4470,#4471,#4472),.UNSPECIFIED.,.F.,.F.,(4,2,2,2,4),(0.,0.0264736351551426,
0.0458485174026005,0.0691407345265395,0.122903141014548),.UNSPECIFIED.);
#71=B_SPLINE_CURVE_WITH_KNOTS('',3,(#4486,#4487,#4488,#4489,#4490,#4491),
 .UNSPECIFIED.,.F.,.F.,(4,2,4),(0.,0.0198471643217698,0.039683235853557),
 .UNSPECIFIED.);
#72=B_SPLINE_CURVE_WITH_KNOTS('',3,(#4494,#4495,#4496,#4497,#4498,#4499),
 .UNSPECIFIED.,.F.,.F.,(4,2,4),(0.,0.0198471643217698,0.039683235853557),
 .UNSPECIFIED.);
#73=B_SPLINE_CURVE_WITH_KNOTS('',3,(#4513,#4514,#4515,#4516,#4517,#4518),
 .UNSPECIFIED.,.F.,.F.,(4,2,4),(0.,0.0188417251981961,0.0376852396039866),
 .UNSPECIFIED.);
#74=B_SPLINE_CURVE_WITH_KNOTS('',3,(#4521,#4522,#4523,#4524,#4525,#4526),
 .UNSPECIFIED.,.F.,.F.,(4,2,4),(0.,0.0188417251981961,0.0376852396039866),
 .UNSPECIFIED.);
#75=B_SPLINE_CURVE_WITH_KNOTS('',3,(#4540,#4541,#4542,#4543,#4544,#4545),
 .UNSPECIFIED.,.F.,.F.,(4,2,4),(0.,0.0166583695203796,0.0335929566753433),
 .UNSPECIFIED.);
#76=B_SPLINE_CURVE_WITH_KNOTS('',3,(#4548,#4549,#4550,#4551,#4552,#4553),
 .UNSPECIFIED.,.F.,.F.,(4,2,4),(0.,0.0166583695203796,0.0335929566753433),
 .UNSPECIFIED.);
#77=B_SPLINE_CURVE_WITH_KNOTS('',3,(#4567,#4568,#4569,#4570,#4571,#4572),
 .UNSPECIFIED.,.F.,.F.,(4,2,4),(0.,0.013223613805459,0.0267382049125082),
 .UNSPECIFIED.);
#78=B_SPLINE_CURVE_WITH_KNOTS('',3,(#4575,#4576,#4577,#4578,#4579,#4580),
 .UNSPECIFIED.,.F.,.F.,(4,2,4),(0.,0.013223613805459,0.0267382049125082),
 .UNSPECIFIED.);
#79=B_SPLINE_CURVE_WITH_KNOTS('',3,(#4594,#4595,#4596,#4597,#4598,#4599),
 .UNSPECIFIED.,.F.,.F.,(4,2,4),(0.,0.0195320643275366,0.0393076089144687),
 .UNSPECIFIED.);
#80=B_SPLINE_CURVE_WITH_KNOTS('',3,(#4602,#4603,#4604,#4605,#4606,#4607),
 .UNSPECIFIED.,.F.,.F.,(4,2,4),(0.,0.0195320643275366,0.0393076089144687),
 .UNSPECIFIED.);
#81=B_SPLINE_SURFACE_WITH_KNOTS('',3,1,((#3918,#3919),(#3920,#3921),(#3922,
#3923),(#3924,#3925),(#3926,#3927),(#3928,#3929)),.UNSPECIFIED.,.F.,.F.,
 .F.,(4,2,4),(2,2),(0.,0.0502176454005675,0.0996356640373069),(0.,0.0600000000000001),
 .UNSPECIFIED.);
#82=B_SPLINE_SURFACE_WITH_KNOTS('',3,1,((#3945,#3946),(#3947,#3948),(#3949,
#3950),(#3951,#3952),(#3953,#3954),(#3955,#3956)),.UNSPECIFIED.,.F.,.F.,
 .F.,(4,2,4),(2,2),(0.,0.0428883990358964,0.0858302785105184),(0.,0.0600000000000001),
 .UNSPECIFIED.);
#83=B_SPLINE_SURFACE_WITH_KNOTS('',3,1,((#3972,#3973),(#3974,#3975),(#3976,
#3977),(#3978,#3979),(#3980,#3981),(#3982,#3983)),.UNSPECIFIED.,.F.,.F.,
 .F.,(4,2,4),(2,2),(0.,0.0443965309485158,0.0887502459804844),(0.,0.0600000000000001),
 .UNSPECIFIED.);
#84=B_SPLINE_SURFACE_WITH_KNOTS('',3,1,((#3999,#4000),(#4001,#4002),(#4003,
#4004),(#4005,#4006),(#4007,#4008),(#4009,#4010)),.UNSPECIFIED.,.F.,.F.,
 .F.,(4,2,4),(2,2),(0.,0.0205154750116571,0.0410282297443006),(0.,0.0600000000000001),
 .UNSPECIFIED.);
#85=B_SPLINE_SURFACE_WITH_KNOTS('',3,1,((#4026,#4027),(#4028,#4029),(#4030,
#4031),(#4032,#4033),(#4034,#4035),(#4036,#4037)),.UNSPECIFIED.,.F.,.F.,
 .F.,(4,2,4),(2,2),(0.,0.024209966673015,0.0487629461779505),(0.,0.0600000000000001),
 .UNSPECIFIED.);
#86=B_SPLINE_SURFACE_WITH_KNOTS('',3,1,((#4065,#4066),(#4067,#4068),(#4069,
#4070),(#4071,#4072),(#4073,#4074),(#4075,#4076)),.UNSPECIFIED.,.F.,.F.,
 .F.,(4,2,4),(2,2),(0.,0.0382813101408901,0.0754583267180592),(0.,0.0600000000000001),
 .UNSPECIFIED.);
#87=B_SPLINE_SURFACE_WITH_KNOTS('',3,1,((#4092,#4093),(#4094,#4095),(#4096,
#4097),(#4098,#4099),(#4100,#4101),(#4102,#4103)),.UNSPECIFIED.,.F.,.F.,
 .F.,(4,2,4),(2,2),(0.,0.0280868266967266,0.0562497244592389),(0.,0.0600000000000001),
 .UNSPECIFIED.);
#88=B_SPLINE_SURFACE_WITH_KNOTS('',3,1,((#4119,#4120),(#4121,#4122),(#4123,
#4124),(#4125,#4126),(#4127,#4128),(#4129,#4130)),.UNSPECIFIED.,.F.,.F.,
 .F.,(4,2,4),(2,2),(0.,0.0605845219584865,0.121214468241634),(0.,0.0600000000000001),
 .UNSPECIFIED.);
#89=B_SPLINE_SURFACE_WITH_KNOTS('',3,1,((#4146,#4147),(#4148,#4149),(#4150,
#4151),(#4152,#4153),(#4154,#4155),(#4156,#4157)),.UNSPECIFIED.,.F.,.F.,
 .F.,(4,2,4),(2,2),(0.,0.0624852877195243,0.124887641434883),(0.,0.0600000000000001),
 .UNSPECIFIED.);
#90=B_SPLINE_SURFACE_WITH_KNOTS('',3,1,((#4173,#4174),(#4175,#4176),(#4177,
#4178),(#4179,#4180),(#4181,#4182),(#4183,#4184)),.UNSPECIFIED.,.F.,.F.,
 .F.,(4,2,4),(2,2),(0.,0.0289109741597232,0.0578116332952331),(0.,0.0600000000000001),
 .UNSPECIFIED.);
#91=B_SPLINE_SURFACE_WITH_KNOTS('',3,1,((#4200,#4201),(#4202,#4203),(#4204,
#4205),(#4206,#4207),(#4208,#4209),(#4210,#4211)),.UNSPECIFIED.,.F.,.F.,
 .F.,(4,2,4),(2,2),(0.,0.0341559055128943,0.0691370632010502),(0.,0.0600000000000001),
 .UNSPECIFIED.);
#92=B_SPLINE_SURFACE_WITH_KNOTS('',3,1,((#4246,#4247),(#4248,#4249),(#4250,
#4251),(#4252,#4253),(#4254,#4255),(#4256,#4257)),.UNSPECIFIED.,.F.,.F.,
 .F.,(4,2,4),(2,2),(0.,0.0267444279189933,0.0531314714091955),(0.,0.0600000000000001),
 .UNSPECIFIED.);
#93=B_SPLINE_SURFACE_WITH_KNOTS('',3,1,((#4273,#4274),(#4275,#4276),(#4277,
#4278),(#4279,#4280),(#4281,#4282),(#4283,#4284)),.UNSPECIFIED.,.F.,.F.,
 .F.,(4,2,4),(2,2),(0.,0.018559483868367,0.0367898008356952),(0.,0.0600000000000001),
 .UNSPECIFIED.);
#94=B_SPLINE_SURFACE_WITH_KNOTS('',3,1,((#4300,#4301),(#4302,#4303),(#4304,
#4305),(#4306,#4307),(#4308,#4309),(#4310,#4311)),.UNSPECIFIED.,.F.,.F.,
 .F.,(4,2,4),(2,2),(0.,0.0248511565721954,0.0496740542950864),(0.,0.0600000000000001),
 .UNSPECIFIED.);
#95=B_SPLINE_SURFACE_WITH_KNOTS('',3,1,((#4327,#4328),(#4329,#4330),(#4331,
#4332),(#4333,#4334),(#4335,#4336),(#4337,#4338)),.UNSPECIFIED.,.F.,.F.,
 .F.,(4,2,4),(2,2),(0.,0.0349248270933561,0.0698494118663051),(0.,0.0600000000000001),
 .UNSPECIFIED.);
#96=B_SPLINE_SURFACE_WITH_KNOTS('',3,1,((#4354,#4355),(#4356,#4357),(#4358,
#4359),(#4360,#4361),(#4362,#4363),(#4364,#4365)),.UNSPECIFIED.,.F.,.F.,
 .F.,(4,2,4),(2,2),(0.,0.0361040173554238,0.072237307507673),(0.,0.0600000000000001),
 .UNSPECIFIED.);
#97=B_SPLINE_SURFACE_WITH_KNOTS('',3,1,((#4381,#4382),(#4383,#4384),(#4385,
#4386),(#4387,#4388),(#4389,#4390),(#4391,#4392),(#4393,#4394),(#4395,#4396),
(#4397,#4398),(#4399,#4400)),.UNSPECIFIED.,.F.,.F.,.F.,(4,2,2,2,4),(2,2),
(0.,0.0544166576384423,0.0886851750304113,0.127983219611923,0.214606143146026),
(0.,0.0600000000000001),.UNSPECIFIED.);
#98=B_SPLINE_SURFACE_WITH_KNOTS('',3,1,((#4430,#4431),(#4432,#4433),(#4434,
#4435),(#4436,#4437),(#4438,#4439),(#4440,#4441),(#4442,#4443),(#4444,#4445),
(#4446,#4447),(#4448,#4449)),.UNSPECIFIED.,.F.,.F.,.F.,(4,2,2,2,4),(2,2),
(0.,0.0264736351551426,0.0458485174026005,0.0691407345265395,0.122903141014548),
(0.,0.0600000000000001),.UNSPECIFIED.);
#99=B_SPLINE_SURFACE_WITH_KNOTS('',3,1,((#4473,#4474),(#4475,#4476),(#4477,
#4478),(#4479,#4480),(#4481,#4482),(#4483,#4484)),.UNSPECIFIED.,.F.,.F.,
 .F.,(4,2,4),(2,2),(0.,0.0198471643217698,0.039683235853557),(0.,0.0600000000000001),
 .UNSPECIFIED.);
#100=B_SPLINE_SURFACE_WITH_KNOTS('',3,1,((#4500,#4501),(#4502,#4503),(#4504,
#4505),(#4506,#4507),(#4508,#4509),(#4510,#4511)),.UNSPECIFIED.,.F.,.F.,
 .F.,(4,2,4),(2,2),(0.,0.0188417251981961,0.0376852396039866),(0.,0.0600000000000001),
 .UNSPECIFIED.);
#101=B_SPLINE_SURFACE_WITH_KNOTS('',3,1,((#4527,#4528),(#4529,#4530),(#4531,
#4532),(#4533,#4534),(#4535,#4536),(#4537,#4538)),.UNSPECIFIED.,.F.,.F.,
 .F.,(4,2,4),(2,2),(0.,0.0166583695203796,0.0335929566753433),(0.,0.0600000000000001),
 .UNSPECIFIED.);
#102=B_SPLINE_SURFACE_WITH_KNOTS('',3,1,((#4554,#4555),(#4556,#4557),(#4558,
#4559),(#4560,#4561),(#4562,#4563),(#4564,#4565)),.UNSPECIFIED.,.F.,.F.,
 .F.,(4,2,4),(2,2),(0.,0.013223613805459,0.0267382049125082),(0.,0.0600000000000001),
 .UNSPECIFIED.);
#103=B_SPLINE_SURFACE_WITH_KNOTS('',3,1,((#4581,#4582),(#4583,#4584),(#4585,
#4586),(#4587,#4588),(#4589,#4590),(#4591,#4592)),.UNSPECIFIED.,.F.,.F.,
 .F.,(4,2,4),(2,2),(0.,0.0195320643275366,0.0393076089144687),(0.,0.0600000000000001),
 .UNSPECIFIED.);
#104=ELLIPSE('',#2824,1.4142135623731,1.);
#105=ELLIPSE('',#2827,2.82842712474619,2.);
#106=ELLIPSE('',#2829,2.82842712474619,2.);
#107=ELLIPSE('',#2832,1.41421356237309,1.);
#108=ELLIPSE('',#2836,1.41421356237309,1.);
#109=ELLIPSE('',#2839,2.82842712474618,1.99999999999999);
#110=ELLIPSE('',#2843,1.41421356237309,1.);
#111=ELLIPSE('',#2848,1.4142135623731,1.);
#112=ELLIPSE('',#2852,2.82842712474621,2.);
#113=ELLIPSE('',#2854,2.82842712474619,2.);
#114=ELLIPSE('',#2856,1.41421356237309,1.);
#115=ELLIPSE('',#2908,2.82842712474619,2.);
#116=STYLED_ITEM('',(#4930),#2634);
#117=STYLED_ITEM('',(#4930),#2644);
#118=STYLED_ITEM('',(#4930),#2649);
#119=STYLED_ITEM('',(#4930),#2653);
#120=STYLED_ITEM('',(#4930),#2658);
#121=STYLED_ITEM('',(#4930),#2679);
#122=STYLED_ITEM('',(#4930),#2697);
#123=STYLED_ITEM('',(#4930),#2716);
#124=STYLED_ITEM('',(#4930),#2721);
#125=STYLED_ITEM('',(#4929),#13);
#126=CIRCLE('',#2791,6.5);
#127=CIRCLE('',#2792,6.5);
#128=CIRCLE('',#2798,0.999999999999996);
#129=CIRCLE('',#2799,0.999999999999996);
#130=CIRCLE('',#2803,6.50000000000001);
#131=CIRCLE('',#2804,6.50000000000001);
#132=CIRCLE('',#2825,1.);
#133=CIRCLE('',#2828,2.);
#134=CIRCLE('',#2830,2.);
#135=CIRCLE('',#2833,1.);
#136=CIRCLE('',#2837,1.);
#137=CIRCLE('',#2840,1.99999999999999);
#138=CIRCLE('',#2841,1.99999999999999);
#139=CIRCLE('',#2844,1.);
#140=CIRCLE('',#2847,1.);
#141=CIRCLE('',#2849,1.);
#142=CIRCLE('',#2851,2.);
#143=CIRCLE('',#2853,2.);
#144=CIRCLE('',#2857,1.);
#145=CIRCLE('',#2889,1.5);
#146=CIRCLE('',#2897,2.);
#147=CIRCLE('',#2898,3.5);
#148=CIRCLE('',#2899,3.5);
#149=CIRCLE('',#2900,1.);
#150=CIRCLE('',#2901,0.999999999999999);
#151=CIRCLE('',#2902,1.);
#152=CIRCLE('',#2903,0.999999999999999);
#153=CIRCLE('',#2917,3.5);
#154=CIRCLE('',#2920,3.5);
#155=CIRCLE('',#2922,2.1);
#156=CIRCLE('',#2925,2.1);
#157=CIRCLE('',#2926,1.5);
#158=CIRCLE('',#2940,2.);
#159=CIRCLE('',#2947,0.999999999999999);
#160=CIRCLE('',#2949,0.999999999999999);
#161=CIRCLE('',#2951,1.);
#162=CIRCLE('',#2953,1.);
#163=CYLINDRICAL_SURFACE('',#2790,6.5);
#164=CYLINDRICAL_SURFACE('',#2797,0.999999999999996);
#165=CYLINDRICAL_SURFACE('',#2802,6.50000000000001);
#166=CYLINDRICAL_SURFACE('',#2823,1.);
#167=CYLINDRICAL_SURFACE('',#2826,2.);
#168=CYLINDRICAL_SURFACE('',#2831,1.);
#169=CYLINDRICAL_SURFACE('',#2835,1.);
#170=CYLINDRICAL_SURFACE('',#2838,1.99999999999999);
#171=CYLINDRICAL_SURFACE('',#2842,1.);
#172=CYLINDRICAL_SURFACE('',#2846,1.);
#173=CYLINDRICAL_SURFACE('',#2850,2.);
#174=CYLINDRICAL_SURFACE('',#2855,1.);
#175=CYLINDRICAL_SURFACE('',#2916,3.5);
#176=CYLINDRICAL_SURFACE('',#2919,3.5);
#177=CYLINDRICAL_SURFACE('',#2927,1.5);
#178=CYLINDRICAL_SURFACE('',#2930,2.1);
#179=CYLINDRICAL_SURFACE('',#2939,2.);
#180=CYLINDRICAL_SURFACE('',#2946,0.999999999999999);
#181=CYLINDRICAL_SURFACE('',#2948,0.999999999999999);
#182=CYLINDRICAL_SURFACE('',#2950,1.);
#183=CYLINDRICAL_SURFACE('',#2952,1.);
#184=FACE_OUTER_BOUND('',#328,.T.);
#185=FACE_OUTER_BOUND('',#329,.T.);
#186=FACE_OUTER_BOUND('',#330,.T.);
#187=FACE_OUTER_BOUND('',#331,.T.);
#188=FACE_OUTER_BOUND('',#332,.T.);
#189=FACE_OUTER_BOUND('',#333,.T.);
#190=FACE_OUTER_BOUND('',#334,.T.);
#191=FACE_OUTER_BOUND('',#335,.T.);
#192=FACE_OUTER_BOUND('',#336,.T.);
#193=FACE_OUTER_BOUND('',#337,.T.);
#194=FACE_OUTER_BOUND('',#338,.T.);
#195=FACE_OUTER_BOUND('',#339,.T.);
#196=FACE_OUTER_BOUND('',#340,.T.);
#197=FACE_OUTER_BOUND('',#341,.T.);
#198=FACE_OUTER_BOUND('',#342,.T.);
#199=FACE_OUTER_BOUND('',#343,.T.);
#200=FACE_OUTER_BOUND('',#344,.T.);
#201=FACE_OUTER_BOUND('',#345,.T.);
#202=FACE_OUTER_BOUND('',#346,.T.);
#203=FACE_OUTER_BOUND('',#347,.T.);
#204=FACE_OUTER_BOUND('',#348,.T.);
#205=FACE_OUTER_BOUND('',#349,.T.);
#206=FACE_OUTER_BOUND('',#350,.T.);
#207=FACE_OUTER_BOUND('',#351,.T.);
#208=FACE_OUTER_BOUND('',#352,.T.);
#209=FACE_OUTER_BOUND('',#353,.T.);
#210=FACE_OUTER_BOUND('',#354,.T.);
#211=FACE_OUTER_BOUND('',#355,.T.);
#212=FACE_OUTER_BOUND('',#356,.T.);
#213=FACE_OUTER_BOUND('',#357,.T.);
#214=FACE_OUTER_BOUND('',#358,.T.);
#215=FACE_OUTER_BOUND('',#359,.T.);
#216=FACE_OUTER_BOUND('',#360,.T.);
#217=FACE_OUTER_BOUND('',#361,.T.);
#218=FACE_OUTER_BOUND('',#362,.T.);
#219=FACE_OUTER_BOUND('',#363,.T.);
#220=FACE_OUTER_BOUND('',#364,.T.);
#221=FACE_OUTER_BOUND('',#365,.T.);
#222=FACE_OUTER_BOUND('',#366,.T.);
#223=FACE_OUTER_BOUND('',#367,.T.);
#224=FACE_OUTER_BOUND('',#368,.T.);
#225=FACE_OUTER_BOUND('',#369,.T.);
#226=FACE_OUTER_BOUND('',#370,.T.);
#227=FACE_OUTER_BOUND('',#371,.T.);
#228=FACE_OUTER_BOUND('',#372,.T.);
#229=FACE_OUTER_BOUND('',#373,.T.);
#230=FACE_OUTER_BOUND('',#374,.T.);
#231=FACE_OUTER_BOUND('',#375,.T.);
#232=FACE_OUTER_BOUND('',#376,.T.);
#233=FACE_OUTER_BOUND('',#377,.T.);
#234=FACE_OUTER_BOUND('',#378,.T.);
#235=FACE_OUTER_BOUND('',#379,.T.);
#236=FACE_OUTER_BOUND('',#380,.T.);
#237=FACE_OUTER_BOUND('',#381,.T.);
#238=FACE_OUTER_BOUND('',#382,.T.);
#239=FACE_OUTER_BOUND('',#383,.T.);
#240=FACE_OUTER_BOUND('',#384,.T.);
#241=FACE_OUTER_BOUND('',#385,.T.);
#242=FACE_OUTER_BOUND('',#386,.T.);
#243=FACE_OUTER_BOUND('',#387,.T.);
#244=FACE_OUTER_BOUND('',#388,.T.);
#245=FACE_OUTER_BOUND('',#389,.T.);
#246=FACE_OUTER_BOUND('',#390,.T.);
#247=FACE_OUTER_BOUND('',#391,.T.);
#248=FACE_OUTER_BOUND('',#392,.T.);
#249=FACE_OUTER_BOUND('',#393,.T.);
#250=FACE_OUTER_BOUND('',#394,.T.);
#251=FACE_OUTER_BOUND('',#395,.T.);
#252=FACE_OUTER_BOUND('',#396,.T.);
#253=FACE_OUTER_BOUND('',#397,.T.);
#254=FACE_OUTER_BOUND('',#399,.T.);
#255=FACE_OUTER_BOUND('',#400,.T.);
#256=FACE_OUTER_BOUND('',#401,.T.);
#257=FACE_OUTER_BOUND('',#402,.T.);
#258=FACE_OUTER_BOUND('',#403,.T.);
#259=FACE_OUTER_BOUND('',#404,.T.);
#260=FACE_OUTER_BOUND('',#405,.T.);
#261=FACE_OUTER_BOUND('',#406,.T.);
#262=FACE_OUTER_BOUND('',#407,.T.);
#263=FACE_OUTER_BOUND('',#408,.T.);
#264=FACE_OUTER_BOUND('',#409,.T.);
#265=FACE_OUTER_BOUND('',#410,.T.);
#266=FACE_OUTER_BOUND('',#411,.T.);
#267=FACE_OUTER_BOUND('',#412,.T.);
#268=FACE_OUTER_BOUND('',#413,.T.);
#269=FACE_OUTER_BOUND('',#414,.T.);
#270=FACE_OUTER_BOUND('',#415,.T.);
#271=FACE_OUTER_BOUND('',#416,.T.);
#272=FACE_OUTER_BOUND('',#417,.T.);
#273=FACE_OUTER_BOUND('',#418,.T.);
#274=FACE_OUTER_BOUND('',#419,.T.);
#275=FACE_OUTER_BOUND('',#420,.T.);
#276=FACE_OUTER_BOUND('',#421,.T.);
#277=FACE_OUTER_BOUND('',#422,.T.);
#278=FACE_OUTER_BOUND('',#423,.T.);
#279=FACE_OUTER_BOUND('',#424,.T.);
#280=FACE_OUTER_BOUND('',#425,.T.);
#281=FACE_OUTER_BOUND('',#426,.T.);
#282=FACE_OUTER_BOUND('',#427,.T.);
#283=FACE_OUTER_BOUND('',#428,.T.);
#284=FACE_OUTER_BOUND('',#429,.T.);
#285=FACE_OUTER_BOUND('',#430,.T.);
#286=FACE_OUTER_BOUND('',#431,.T.);
#287=FACE_OUTER_BOUND('',#446,.T.);
#288=FACE_OUTER_BOUND('',#447,.T.);
#289=FACE_OUTER_BOUND('',#448,.T.);
#290=FACE_OUTER_BOUND('',#449,.T.);
#291=FACE_OUTER_BOUND('',#450,.T.);
#292=FACE_OUTER_BOUND('',#451,.T.);
#293=FACE_OUTER_BOUND('',#452,.T.);
#294=FACE_OUTER_BOUND('',#453,.T.);
#295=FACE_OUTER_BOUND('',#454,.T.);
#296=FACE_OUTER_BOUND('',#455,.T.);
#297=FACE_OUTER_BOUND('',#456,.T.);
#298=FACE_OUTER_BOUND('',#457,.T.);
#299=FACE_OUTER_BOUND('',#458,.T.);
#300=FACE_OUTER_BOUND('',#459,.T.);
#301=FACE_OUTER_BOUND('',#460,.T.);
#302=FACE_OUTER_BOUND('',#462,.T.);
#303=FACE_OUTER_BOUND('',#463,.T.);
#304=FACE_OUTER_BOUND('',#465,.T.);
#305=FACE_OUTER_BOUND('',#466,.T.);
#306=FACE_OUTER_BOUND('',#467,.T.);
#307=FACE_OUTER_BOUND('',#468,.T.);
#308=FACE_OUTER_BOUND('',#469,.T.);
#309=FACE_OUTER_BOUND('',#470,.T.);
#310=FACE_OUTER_BOUND('',#471,.T.);
#311=FACE_OUTER_BOUND('',#472,.T.);
#312=FACE_OUTER_BOUND('',#473,.T.);
#313=FACE_OUTER_BOUND('',#474,.T.);
#314=FACE_OUTER_BOUND('',#475,.T.);
#315=FACE_OUTER_BOUND('',#476,.T.);
#316=FACE_OUTER_BOUND('',#477,.T.);
#317=FACE_OUTER_BOUND('',#478,.T.);
#318=FACE_OUTER_BOUND('',#479,.T.);
#319=FACE_OUTER_BOUND('',#480,.T.);
#320=FACE_OUTER_BOUND('',#481,.T.);
#321=FACE_OUTER_BOUND('',#482,.T.);
#322=FACE_OUTER_BOUND('',#483,.T.);
#323=FACE_OUTER_BOUND('',#484,.T.);
#324=FACE_OUTER_BOUND('',#485,.T.);
#325=FACE_OUTER_BOUND('',#486,.T.);
#326=FACE_OUTER_BOUND('',#487,.T.);
#327=FACE_OUTER_BOUND('',#488,.T.);
#328=EDGE_LOOP('',(#1742,#1743,#1744,#1745));
#329=EDGE_LOOP('',(#1746,#1747,#1748,#1749));
#330=EDGE_LOOP('',(#1750,#1751,#1752,#1753));
#331=EDGE_LOOP('',(#1754,#1755,#1756,#1757));
#332=EDGE_LOOP('',(#1758,#1759,#1760,#1761));
#333=EDGE_LOOP('',(#1762,#1763,#1764,#1765));
#334=EDGE_LOOP('',(#1766,#1767,#1768,#1769,#1770,#1771));
#335=EDGE_LOOP('',(#1772,#1773,#1774,#1775));
#336=EDGE_LOOP('',(#1776,#1777,#1778,#1779));
#337=EDGE_LOOP('',(#1780,#1781,#1782,#1783));
#338=EDGE_LOOP('',(#1784,#1785,#1786,#1787));
#339=EDGE_LOOP('',(#1788,#1789,#1790,#1791));
#340=EDGE_LOOP('',(#1792,#1793,#1794,#1795));
#341=EDGE_LOOP('',(#1796,#1797,#1798,#1799));
#342=EDGE_LOOP('',(#1800,#1801,#1802,#1803));
#343=EDGE_LOOP('',(#1804,#1805,#1806,#1807));
#344=EDGE_LOOP('',(#1808,#1809,#1810,#1811,#1812,#1813,#1814,#1815,#1816));
#345=EDGE_LOOP('',(#1817,#1818,#1819,#1820));
#346=EDGE_LOOP('',(#1821,#1822,#1823,#1824));
#347=EDGE_LOOP('',(#1825,#1826,#1827,#1828));
#348=EDGE_LOOP('',(#1829,#1830,#1831,#1832));
#349=EDGE_LOOP('',(#1833,#1834,#1835,#1836));
#350=EDGE_LOOP('',(#1837,#1838,#1839,#1840));
#351=EDGE_LOOP('',(#1841,#1842,#1843,#1844));
#352=EDGE_LOOP('',(#1845,#1846,#1847,#1848));
#353=EDGE_LOOP('',(#1849,#1850,#1851));
#354=EDGE_LOOP('',(#1852,#1853,#1854,#1855));
#355=EDGE_LOOP('',(#1856,#1857,#1858,#1859));
#356=EDGE_LOOP('',(#1860,#1861,#1862,#1863));
#357=EDGE_LOOP('',(#1864,#1865,#1866,#1867));
#358=EDGE_LOOP('',(#1868,#1869,#1870,#1871));
#359=EDGE_LOOP('',(#1872,#1873,#1874,#1875));
#360=EDGE_LOOP('',(#1876,#1877,#1878,#1879,#1880,#1881));
#361=EDGE_LOOP('',(#1882,#1883,#1884,#1885));
#362=EDGE_LOOP('',(#1886,#1887,#1888,#1889));
#363=EDGE_LOOP('',(#1890,#1891,#1892,#1893));
#364=EDGE_LOOP('',(#1894,#1895,#1896,#1897,#1898));
#365=EDGE_LOOP('',(#1899,#1900,#1901,#1902));
#366=EDGE_LOOP('',(#1903,#1904,#1905,#1906));
#367=EDGE_LOOP('',(#1907,#1908,#1909,#1910,#1911,#1912));
#368=EDGE_LOOP('',(#1913,#1914,#1915,#1916,#1917,#1918));
#369=EDGE_LOOP('',(#1919,#1920,#1921,#1922));
#370=EDGE_LOOP('',(#1923,#1924,#1925,#1926,#1927,#1928));
#371=EDGE_LOOP('',(#1929,#1930,#1931,#1932));
#372=EDGE_LOOP('',(#1933,#1934,#1935,#1936));
#373=EDGE_LOOP('',(#1937,#1938,#1939,#1940));
#374=EDGE_LOOP('',(#1941,#1942,#1943,#1944));
#375=EDGE_LOOP('',(#1945,#1946,#1947,#1948));
#376=EDGE_LOOP('',(#1949,#1950,#1951,#1952));
#377=EDGE_LOOP('',(#1953,#1954,#1955,#1956));
#378=EDGE_LOOP('',(#1957,#1958,#1959,#1960));
#379=EDGE_LOOP('',(#1961,#1962,#1963,#1964,#1965,#1966,#1967,#1968));
#380=EDGE_LOOP('',(#1969,#1970,#1971,#1972));
#381=EDGE_LOOP('',(#1973,#1974,#1975,#1976));
#382=EDGE_LOOP('',(#1977,#1978,#1979,#1980));
#383=EDGE_LOOP('',(#1981,#1982,#1983,#1984));
#384=EDGE_LOOP('',(#1985,#1986,#1987,#1988));
#385=EDGE_LOOP('',(#1989,#1990,#1991,#1992));
#386=EDGE_LOOP('',(#1993,#1994,#1995,#1996));
#387=EDGE_LOOP('',(#1997,#1998,#1999,#2000));
#388=EDGE_LOOP('',(#2001,#2002,#2003,#2004));
#389=EDGE_LOOP('',(#2005,#2006,#2007,#2008));
#390=EDGE_LOOP('',(#2009,#2010,#2011,#2012));
#391=EDGE_LOOP('',(#2013,#2014,#2015,#2016));
#392=EDGE_LOOP('',(#2017,#2018,#2019,#2020));
#393=EDGE_LOOP('',(#2021,#2022,#2023,#2024));
#394=EDGE_LOOP('',(#2025,#2026,#2027,#2028));
#395=EDGE_LOOP('',(#2029,#2030,#2031,#2032));
#396=EDGE_LOOP('',(#2033,#2034,#2035,#2036));
#397=EDGE_LOOP('',(#2037,#2038,#2039,#2040,#2041,#2042,#2043,#2044,#2045));
#398=EDGE_LOOP('',(#2046,#2047,#2048,#2049,#2050,#2051,#2052,#2053));
#399=EDGE_LOOP('',(#2054,#2055,#2056,#2057));
#400=EDGE_LOOP('',(#2058,#2059,#2060,#2061));
#401=EDGE_LOOP('',(#2062,#2063,#2064,#2065));
#402=EDGE_LOOP('',(#2066,#2067,#2068,#2069));
#403=EDGE_LOOP('',(#2070,#2071,#2072,#2073));
#404=EDGE_LOOP('',(#2074,#2075,#2076,#2077));
#405=EDGE_LOOP('',(#2078,#2079,#2080,#2081));
#406=EDGE_LOOP('',(#2082,#2083,#2084,#2085));
#407=EDGE_LOOP('',(#2086,#2087,#2088,#2089));
#408=EDGE_LOOP('',(#2090,#2091,#2092,#2093));
#409=EDGE_LOOP('',(#2094,#2095,#2096,#2097));
#410=EDGE_LOOP('',(#2098,#2099,#2100,#2101));
#411=EDGE_LOOP('',(#2102,#2103,#2104,#2105));
#412=EDGE_LOOP('',(#2106,#2107,#2108,#2109));
#413=EDGE_LOOP('',(#2110,#2111,#2112,#2113));
#414=EDGE_LOOP('',(#2114,#2115,#2116,#2117));
#415=EDGE_LOOP('',(#2118,#2119,#2120,#2121));
#416=EDGE_LOOP('',(#2122,#2123,#2124,#2125));
#417=EDGE_LOOP('',(#2126,#2127,#2128,#2129,#2130,#2131,#2132,#2133,#2134,
#2135,#2136,#2137,#2138,#2139,#2140,#2141,#2142,#2143));
#418=EDGE_LOOP('',(#2144,#2145,#2146,#2147));
#419=EDGE_LOOP('',(#2148,#2149,#2150,#2151));
#420=EDGE_LOOP('',(#2152,#2153,#2154,#2155));
#421=EDGE_LOOP('',(#2156,#2157,#2158,#2159));
#422=EDGE_LOOP('',(#2160,#2161,#2162,#2163));
#423=EDGE_LOOP('',(#2164,#2165,#2166,#2167,#2168,#2169,#2170,#2171));
#424=EDGE_LOOP('',(#2172));
#425=EDGE_LOOP('',(#2173,#2174,#2175,#2176));
#426=EDGE_LOOP('',(#2177,#2178,#2179,#2180));
#427=EDGE_LOOP('',(#2181,#2182,#2183,#2184,#2185));
#428=EDGE_LOOP('',(#2186,#2187,#2188,#2189));
#429=EDGE_LOOP('',(#2190,#2191,#2192,#2193,#2194));
#430=EDGE_LOOP('',(#2195,#2196,#2197,#2198,#2199,#2200,#2201,#2202,#2203,
#2204,#2205,#2206,#2207,#2208));
#431=EDGE_LOOP('',(#2209,#2210,#2211,#2212,#2213,#2214,#2215,#2216,#2217,
#2218,#2219,#2220,#2221));
#432=EDGE_LOOP('',(#2222,#2223,#2224,#2225,#2226,#2227,#2228,#2229));
#433=EDGE_LOOP('',(#2230,#2231,#2232,#2233,#2234,#2235,#2236,#2237,#2238));
#434=EDGE_LOOP('',(#2239,#2240,#2241,#2242,#2243,#2244,#2245,#2246,#2247,
#2248,#2249,#2250,#2251,#2252,#2253,#2254,#2255,#2256));
#435=EDGE_LOOP('',(#2257,#2258,#2259,#2260));
#436=EDGE_LOOP('',(#2261,#2262,#2263,#2264));
#437=EDGE_LOOP('',(#2265));
#438=EDGE_LOOP('',(#2266));
#439=EDGE_LOOP('',(#2267));
#440=EDGE_LOOP('',(#2268));
#441=EDGE_LOOP('',(#2269,#2270,#2271,#2272));
#442=EDGE_LOOP('',(#2273,#2274,#2275));
#443=EDGE_LOOP('',(#2276,#2277,#2278,#2279));
#444=EDGE_LOOP('',(#2280,#2281,#2282,#2283,#2284,#2285,#2286,#2287,#2288));
#445=EDGE_LOOP('',(#2289,#2290,#2291,#2292,#2293,#2294));
#446=EDGE_LOOP('',(#2295,#2296,#2297,#2298,#2299,#2300));
#447=EDGE_LOOP('',(#2301,#2302,#2303,#2304,#2305));
#448=EDGE_LOOP('',(#2306,#2307,#2308,#2309));
#449=EDGE_LOOP('',(#2310,#2311,#2312,#2313,#2314));
#450=EDGE_LOOP('',(#2315,#2316,#2317,#2318));
#451=EDGE_LOOP('',(#2319,#2320,#2321,#2322));
#452=EDGE_LOOP('',(#2323,#2324,#2325,#2326,#2327));
#453=EDGE_LOOP('',(#2328,#2329,#2330,#2331,#2332,#2333,#2334));
#454=EDGE_LOOP('',(#2335,#2336,#2337,#2338));
#455=EDGE_LOOP('',(#2339,#2340,#2341,#2342,#2343,#2344,#2345));
#456=EDGE_LOOP('',(#2346,#2347,#2348,#2349));
#457=EDGE_LOOP('',(#2350,#2351,#2352,#2353));
#458=EDGE_LOOP('',(#2354,#2355,#2356,#2357));
#459=EDGE_LOOP('',(#2358,#2359,#2360,#2361));
#460=EDGE_LOOP('',(#2362,#2363,#2364,#2365,#2366,#2367,#2368,#2369,#2370,
#2371,#2372,#2373,#2374,#2375,#2376,#2377));
#461=EDGE_LOOP('',(#2378,#2379,#2380,#2381));
#462=EDGE_LOOP('',(#2382,#2383,#2384,#2385));
#463=EDGE_LOOP('',(#2386,#2387,#2388,#2389,#2390,#2391));
#464=EDGE_LOOP('',(#2392));
#465=EDGE_LOOP('',(#2393,#2394,#2395,#2396));
#466=EDGE_LOOP('',(#2397,#2398,#2399,#2400));
#467=EDGE_LOOP('',(#2401,#2402,#2403,#2404));
#468=EDGE_LOOP('',(#2405,#2406,#2407,#2408));
#469=EDGE_LOOP('',(#2409,#2410,#2411,#2412));
#470=EDGE_LOOP('',(#2413,#2414,#2415,#2416));
#471=EDGE_LOOP('',(#2417,#2418,#2419,#2420));
#472=EDGE_LOOP('',(#2421,#2422,#2423,#2424));
#473=EDGE_LOOP('',(#2425,#2426,#2427,#2428));
#474=EDGE_LOOP('',(#2429,#2430,#2431,#2432));
#475=EDGE_LOOP('',(#2433,#2434,#2435,#2436,#2437,#2438,#2439,#2440,#2441,
#2442));
#476=EDGE_LOOP('',(#2443,#2444,#2445,#2446));
#477=EDGE_LOOP('',(#2447,#2448,#2449,#2450,#2451));
#478=EDGE_LOOP('',(#2452,#2453,#2454,#2455,#2456,#2457));
#479=EDGE_LOOP('',(#2458,#2459,#2460,#2461));
#480=EDGE_LOOP('',(#2462,#2463,#2464,#2465,#2466));
#481=EDGE_LOOP('',(#2467,#2468,#2469,#2470,#2471));
#482=EDGE_LOOP('',(#2472,#2473,#2474,#2475,#2476,#2477,#2478,#2479));
#483=EDGE_LOOP('',(#2480,#2481,#2482,#2483));
#484=EDGE_LOOP('',(#2484,#2485,#2486,#2487));
#485=EDGE_LOOP('',(#2488,#2489,#2490,#2491));
#486=EDGE_LOOP('',(#2492,#2493,#2494,#2495));
#487=EDGE_LOOP('',(#2496,#2497,#2498,#2499,#2500,#2501,#2502,#2503));
#488=EDGE_LOOP('',(#2504,#2505,#2506,#2507,#2508,#2509,#2510,#2511,#2512,
#2513,#2514,#2515,#2516,#2517,#2518,#2519,#2520,#2521,#2522,#2523));
#489=EDGE_LOOP('',(#2524));
#490=EDGE_LOOP('',(#2525));
#491=EDGE_LOOP('',(#2526));
#492=EDGE_LOOP('',(#2527));
#493=LINE('',#3600,#791);
#494=LINE('',#3602,#792);
#495=LINE('',#3604,#793);
#496=LINE('',#3605,#794);
#497=LINE('',#3608,#795);
#498=LINE('',#3610,#796);
#499=LINE('',#3611,#797);
#500=LINE('',#3614,#798);
#501=LINE('',#3616,#799);
#502=LINE('',#3617,#800);
#503=LINE('',#3620,#801);
#504=LINE('',#3622,#802);
#505=LINE('',#3623,#803);
#506=LINE('',#3628,#804);
#507=LINE('',#3631,#805);
#508=LINE('',#3632,#806);
#509=LINE('',#3637,#807);
#510=LINE('',#3639,#808);
#511=LINE('',#3641,#809);
#512=LINE('',#3642,#810);
#513=LINE('',#3645,#811);
#514=LINE('',#3647,#812);
#515=LINE('',#3648,#813);
#516=LINE('',#3653,#814);
#517=LINE('',#3657,#815);
#518=LINE('',#3659,#816);
#519=LINE('',#3660,#817);
#520=LINE('',#3663,#818);
#521=LINE('',#3665,#819);
#522=LINE('',#3666,#820);
#523=LINE('',#3671,#821);
#524=LINE('',#3675,#822);
#525=LINE('',#3677,#823);
#526=LINE('',#3678,#824);
#527=LINE('',#3681,#825);
#528=LINE('',#3683,#826);
#529=LINE('',#3684,#827);
#530=LINE('',#3686,#828);
#531=LINE('',#3687,#829);
#532=LINE('',#3692,#830);
#533=LINE('',#3694,#831);
#534=LINE('',#3696,#832);
#535=LINE('',#3697,#833);
#536=LINE('',#3700,#834);
#537=LINE('',#3702,#835);
#538=LINE('',#3703,#836);
#539=LINE('',#3706,#837);
#540=LINE('',#3708,#838);
#541=LINE('',#3709,#839);
#542=LINE('',#3711,#840);
#543=LINE('',#3712,#841);
#544=LINE('',#3717,#842);
#545=LINE('',#3719,#843);
#546=LINE('',#3721,#844);
#547=LINE('',#3722,#845);
#548=LINE('',#3725,#846);
#549=LINE('',#3727,#847);
#550=LINE('',#3728,#848);
#551=LINE('',#3730,#849);
#552=LINE('',#3731,#850);
#553=LINE('',#3736,#851);
#554=LINE('',#3738,#852);
#555=LINE('',#3740,#853);
#556=LINE('',#3741,#854);
#557=LINE('',#3744,#855);
#558=LINE('',#3746,#856);
#559=LINE('',#3747,#857);
#560=LINE('',#3750,#858);
#561=LINE('',#3752,#859);
#562=LINE('',#3753,#860);
#563=LINE('',#3755,#861);
#564=LINE('',#3756,#862);
#565=LINE('',#3763,#863);
#566=LINE('',#3766,#864);
#567=LINE('',#3775,#865);
#568=LINE('',#3781,#866);
#569=LINE('',#3785,#867);
#570=LINE('',#3787,#868);
#571=LINE('',#3788,#869);
#572=LINE('',#3793,#870);
#573=LINE('',#3801,#871);
#574=LINE('',#3808,#872);
#575=LINE('',#3811,#873);
#576=LINE('',#3814,#874);
#577=LINE('',#3816,#875);
#578=LINE('',#3817,#876);
#579=LINE('',#3823,#877);
#580=LINE('',#3827,#878);
#581=LINE('',#3830,#879);
#582=LINE('',#3843,#880);
#583=LINE('',#3846,#881);
#584=LINE('',#3848,#882);
#585=LINE('',#3850,#883);
#586=LINE('',#3852,#884);
#587=LINE('',#3853,#885);
#588=LINE('',#3857,#886);
#589=LINE('',#3859,#887);
#590=LINE('',#3861,#888);
#591=LINE('',#3862,#889);
#592=LINE('',#3865,#890);
#593=LINE('',#3867,#891);
#594=LINE('',#3868,#892);
#595=LINE('',#3871,#893);
#596=LINE('',#3873,#894);
#597=LINE('',#3874,#895);
#598=LINE('',#3877,#896);
#599=LINE('',#3879,#897);
#600=LINE('',#3880,#898);
#601=LINE('',#3883,#899);
#602=LINE('',#3885,#900);
#603=LINE('',#3886,#901);
#604=LINE('',#3889,#902);
#605=LINE('',#3891,#903);
#606=LINE('',#3892,#904);
#607=LINE('',#3895,#905);
#608=LINE('',#3897,#906);
#609=LINE('',#3898,#907);
#610=LINE('',#3900,#908);
#611=LINE('',#3901,#909);
#612=LINE('',#3906,#910);
#613=LINE('',#3908,#911);
#614=LINE('',#3910,#912);
#615=LINE('',#3911,#913);
#616=LINE('',#3914,#914);
#617=LINE('',#3916,#915);
#618=LINE('',#3917,#916);
#619=LINE('',#3938,#917);
#620=LINE('',#3965,#918);
#621=LINE('',#3992,#919);
#622=LINE('',#4019,#920);
#623=LINE('',#4046,#921);
#624=LINE('',#4054,#922);
#625=LINE('',#4055,#923);
#626=LINE('',#4059,#924);
#627=LINE('',#4061,#925);
#628=LINE('',#4063,#926);
#629=LINE('',#4064,#927);
#630=LINE('',#4085,#928);
#631=LINE('',#4112,#929);
#632=LINE('',#4139,#930);
#633=LINE('',#4166,#931);
#634=LINE('',#4193,#932);
#635=LINE('',#4220,#933);
#636=LINE('',#4229,#934);
#637=LINE('',#4231,#935);
#638=LINE('',#4232,#936);
#639=LINE('',#4234,#937);
#640=LINE('',#4235,#938);
#641=LINE('',#4240,#939);
#642=LINE('',#4242,#940);
#643=LINE('',#4244,#941);
#644=LINE('',#4245,#942);
#645=LINE('',#4266,#943);
#646=LINE('',#4293,#944);
#647=LINE('',#4320,#945);
#648=LINE('',#4347,#946);
#649=LINE('',#4374,#947);
#650=LINE('',#4413,#948);
#651=LINE('',#4426,#949);
#652=LINE('',#4428,#950);
#653=LINE('',#4429,#951);
#654=LINE('',#4462,#952);
#655=LINE('',#4493,#953);
#656=LINE('',#4520,#954);
#657=LINE('',#4547,#955);
#658=LINE('',#4574,#956);
#659=LINE('',#4601,#957);
#660=LINE('',#4610,#958);
#661=LINE('',#4612,#959);
#662=LINE('',#4613,#960);
#663=LINE('',#4616,#961);
#664=LINE('',#4618,#962);
#665=LINE('',#4619,#963);
#666=LINE('',#4622,#964);
#667=LINE('',#4624,#965);
#668=LINE('',#4625,#966);
#669=LINE('',#4627,#967);
#670=LINE('',#4628,#968);
#671=LINE('',#4633,#969);
#672=LINE('',#4635,#970);
#673=LINE('',#4637,#971);
#674=LINE('',#4638,#972);
#675=LINE('',#4641,#973);
#676=LINE('',#4643,#974);
#677=LINE('',#4644,#975);
#678=LINE('',#4647,#976);
#679=LINE('',#4649,#977);
#680=LINE('',#4650,#978);
#681=LINE('',#4652,#979);
#682=LINE('',#4653,#980);
#683=LINE('',#4662,#981);
#684=LINE('',#4664,#982);
#685=LINE('',#4666,#983);
#686=LINE('',#4667,#984);
#687=LINE('',#4670,#985);
#688=LINE('',#4672,#986);
#689=LINE('',#4673,#987);
#690=LINE('',#4677,#988);
#691=LINE('',#4678,#989);
#692=LINE('',#4679,#990);
#693=LINE('',#4682,#991);
#694=LINE('',#4684,#992);
#695=LINE('',#4685,#993);
#696=LINE('',#4688,#994);
#697=LINE('',#4689,#995);
#698=LINE('',#4692,#996);
#699=LINE('',#4694,#997);
#700=LINE('',#4696,#998);
#701=LINE('',#4698,#999);
#702=LINE('',#4700,#1000);
#703=LINE('',#4701,#1001);
#704=LINE('',#4703,#1002);
#705=LINE('',#4705,#1003);
#706=LINE('',#4706,#1004);
#707=LINE('',#4709,#1005);
#708=LINE('',#4711,#1006);
#709=LINE('',#4713,#1007);
#710=LINE('',#4715,#1008);
#711=LINE('',#4718,#1009);
#712=LINE('',#4719,#1010);
#713=LINE('',#4720,#1011);
#714=LINE('',#4725,#1012);
#715=LINE('',#4728,#1013);
#716=LINE('',#4739,#1014);
#717=LINE('',#4741,#1015);
#718=LINE('',#4744,#1016);
#719=LINE('',#4747,#1017);
#720=LINE('',#4748,#1018);
#721=LINE('',#4751,#1019);
#722=LINE('',#4752,#1020);
#723=LINE('',#4754,#1021);
#724=LINE('',#4757,#1022);
#725=LINE('',#4759,#1023);
#726=LINE('',#4761,#1024);
#727=LINE('',#4763,#1025);
#728=LINE('',#4764,#1026);
#729=LINE('',#4767,#1027);
#730=LINE('',#4768,#1028);
#731=LINE('',#4771,#1029);
#732=LINE('',#4773,#1030);
#733=LINE('',#4775,#1031);
#734=LINE('',#4776,#1032);
#735=LINE('',#4780,#1033);
#736=LINE('',#4781,#1034);
#737=LINE('',#4782,#1035);
#738=LINE('',#4786,#1036);
#739=LINE('',#4789,#1037);
#740=LINE('',#4790,#1038);
#741=LINE('',#4795,#1039);
#742=LINE('',#4797,#1040);
#743=LINE('',#4799,#1041);
#744=LINE('',#4801,#1042);
#745=LINE('',#4803,#1043);
#746=LINE('',#4805,#1044);
#747=LINE('',#4807,#1045);
#748=LINE('',#4811,#1046);
#749=LINE('',#4813,#1047);
#750=LINE('',#4814,#1048);
#751=LINE('',#4815,#1049);
#752=LINE('',#4819,#1050);
#753=LINE('',#4820,#1051);
#754=LINE('',#4821,#1052);
#755=LINE('',#4825,#1053);
#756=LINE('',#4827,#1054);
#757=LINE('',#4829,#1055);
#758=LINE('',#4833,#1056);
#759=LINE('',#4834,#1057);
#760=LINE('',#4838,#1058);
#761=LINE('',#4840,#1059);
#762=LINE('',#4842,#1060);
#763=LINE('',#4843,#1061);
#764=LINE('',#4845,#1062);
#765=LINE('',#4847,#1063);
#766=LINE('',#4849,#1064);
#767=LINE('',#4853,#1065);
#768=LINE('',#4854,#1066);
#769=LINE('',#4855,#1067);
#770=LINE('',#4858,#1068);
#771=LINE('',#4859,#1069);
#772=LINE('',#4862,#1070);
#773=LINE('',#4863,#1071);
#774=LINE('',#4865,#1072);
#775=LINE('',#4868,#1073);
#776=LINE('',#4869,#1074);
#777=LINE('',#4872,#1075);
#778=LINE('',#4873,#1076);
#779=LINE('',#4877,#1077);
#780=LINE('',#4879,#1078);
#781=LINE('',#4880,#1079);
#782=LINE('',#4882,#1080);
#783=LINE('',#4885,#1081);
#784=LINE('',#4888,#1082);
#785=LINE('',#4889,#1083);
#786=LINE('',#4892,#1084);
#787=LINE('',#4896,#1085);
#788=LINE('',#4900,#1086);
#789=LINE('',#4904,#1087);
#790=LINE('',#4907,#1088);
#791=VECTOR('',#2960,10.);
#792=VECTOR('',#2961,10.);
#793=VECTOR('',#2962,10.);
#794=VECTOR('',#2963,10.);
#795=VECTOR('',#2966,10.);
#796=VECTOR('',#2967,10.);
#797=VECTOR('',#2968,10.);
#798=VECTOR('',#2971,10.);
#799=VECTOR('',#2972,10.);
#800=VECTOR('',#2973,10.);
#801=VECTOR('',#2976,10.);
#802=VECTOR('',#2977,10.);
#803=VECTOR('',#2978,10.);
#804=VECTOR('',#2983,10.);
#805=VECTOR('',#2988,10.);
#806=VECTOR('',#2989,10.);
#807=VECTOR('',#2994,10.);
#808=VECTOR('',#2995,10.);
#809=VECTOR('',#2996,10.);
#810=VECTOR('',#2997,10.);
#811=VECTOR('',#3000,10.);
#812=VECTOR('',#3001,10.);
#813=VECTOR('',#3002,10.);
#814=VECTOR('',#3007,10.);
#815=VECTOR('',#3012,10.);
#816=VECTOR('',#3013,10.);
#817=VECTOR('',#3014,10.);
#818=VECTOR('',#3017,10.);
#819=VECTOR('',#3018,10.);
#820=VECTOR('',#3019,10.);
#821=VECTOR('',#3024,10.);
#822=VECTOR('',#3029,10.);
#823=VECTOR('',#3030,10.);
#824=VECTOR('',#3031,10.);
#825=VECTOR('',#3034,10.);
#826=VECTOR('',#3035,10.);
#827=VECTOR('',#3036,10.);
#828=VECTOR('',#3039,10.);
#829=VECTOR('',#3040,10.);
#830=VECTOR('',#3045,10.);
#831=VECTOR('',#3046,10.);
#832=VECTOR('',#3047,10.);
#833=VECTOR('',#3048,10.);
#834=VECTOR('',#3051,10.);
#835=VECTOR('',#3052,10.);
#836=VECTOR('',#3053,10.);
#837=VECTOR('',#3056,10.);
#838=VECTOR('',#3057,10.);
#839=VECTOR('',#3058,10.);
#840=VECTOR('',#3061,10.);
#841=VECTOR('',#3062,10.);
#842=VECTOR('',#3067,10.);
#843=VECTOR('',#3068,10.);
#844=VECTOR('',#3069,10.);
#845=VECTOR('',#3070,10.);
#846=VECTOR('',#3073,10.);
#847=VECTOR('',#3074,10.);
#848=VECTOR('',#3075,10.);
#849=VECTOR('',#3078,10.);
#850=VECTOR('',#3079,10.);
#851=VECTOR('',#3084,10.);
#852=VECTOR('',#3085,10.);
#853=VECTOR('',#3086,10.);
#854=VECTOR('',#3087,10.);
#855=VECTOR('',#3090,10.);
#856=VECTOR('',#3091,10.);
#857=VECTOR('',#3092,10.);
#858=VECTOR('',#3095,10.);
#859=VECTOR('',#3096,10.);
#860=VECTOR('',#3097,10.);
#861=VECTOR('',#3100,10.);
#862=VECTOR('',#3101,10.);
#863=VECTOR('',#3108,10.);
#864=VECTOR('',#3111,10.);
#865=VECTOR('',#3120,10.);
#866=VECTOR('',#3127,10.);
#867=VECTOR('',#3132,10.);
#868=VECTOR('',#3133,10.);
#869=VECTOR('',#3134,10.);
#870=VECTOR('',#3139,10.);
#871=VECTOR('',#3148,10.);
#872=VECTOR('',#3155,10.);
#873=VECTOR('',#3158,10.);
#874=VECTOR('',#3161,10.);
#875=VECTOR('',#3162,10.);
#876=VECTOR('',#3163,10.);
#877=VECTOR('',#3168,10.);
#878=VECTOR('',#3171,10.);
#879=VECTOR('',#3174,10.);
#880=VECTOR('',#3189,10.);
#881=VECTOR('',#3192,10.);
#882=VECTOR('',#3195,10.);
#883=VECTOR('',#3196,10.);
#884=VECTOR('',#3197,10.);
#885=VECTOR('',#3198,10.);
#886=VECTOR('',#3201,10.);
#887=VECTOR('',#3202,10.);
#888=VECTOR('',#3203,10.);
#889=VECTOR('',#3204,10.);
#890=VECTOR('',#3207,10.);
#891=VECTOR('',#3208,10.);
#892=VECTOR('',#3209,10.);
#893=VECTOR('',#3212,10.);
#894=VECTOR('',#3213,10.);
#895=VECTOR('',#3214,10.);
#896=VECTOR('',#3217,10.);
#897=VECTOR('',#3218,10.);
#898=VECTOR('',#3219,10.);
#899=VECTOR('',#3222,10.);
#900=VECTOR('',#3223,10.);
#901=VECTOR('',#3224,10.);
#902=VECTOR('',#3227,10.);
#903=VECTOR('',#3228,10.);
#904=VECTOR('',#3229,10.);
#905=VECTOR('',#3232,10.);
#906=VECTOR('',#3233,10.);
#907=VECTOR('',#3234,10.);
#908=VECTOR('',#3237,10.);
#909=VECTOR('',#3238,10.);
#910=VECTOR('',#3243,10.);
#911=VECTOR('',#3244,10.);
#912=VECTOR('',#3245,10.);
#913=VECTOR('',#3246,10.);
#914=VECTOR('',#3249,10.);
#915=VECTOR('',#3250,10.);
#916=VECTOR('',#3251,10.);
#917=VECTOR('',#3252,10.);
#918=VECTOR('',#3253,10.);
#919=VECTOR('',#3254,10.);
#920=VECTOR('',#3255,10.);
#921=VECTOR('',#3256,10.);
#922=VECTOR('',#3259,10.);
#923=VECTOR('',#3260,10.);
#924=VECTOR('',#3263,10.);
#925=VECTOR('',#3264,10.);
#926=VECTOR('',#3265,10.);
#927=VECTOR('',#3266,10.);
#928=VECTOR('',#3267,10.);
#929=VECTOR('',#3268,10.);
#930=VECTOR('',#3269,10.);
#931=VECTOR('',#3270,10.);
#932=VECTOR('',#3271,10.);
#933=VECTOR('',#3272,10.);
#934=VECTOR('',#3275,10.);
#935=VECTOR('',#3276,10.);
#936=VECTOR('',#3277,10.);
#937=VECTOR('',#3280,10.);
#938=VECTOR('',#3281,10.);
#939=VECTOR('',#3286,10.);
#940=VECTOR('',#3287,10.);
#941=VECTOR('',#3288,10.);
#942=VECTOR('',#3289,10.);
#943=VECTOR('',#3290,10.);
#944=VECTOR('',#3291,10.);
#945=VECTOR('',#3292,10.);
#946=VECTOR('',#3293,10.);
#947=VECTOR('',#3294,10.);
#948=VECTOR('',#3295,10.);
#949=VECTOR('',#3298,10.);
#950=VECTOR('',#3299,10.);
#951=VECTOR('',#3300,10.);
#952=VECTOR('',#3301,10.);
#953=VECTOR('',#3302,10.);
#954=VECTOR('',#3303,10.);
#955=VECTOR('',#3304,10.);
#956=VECTOR('',#3305,10.);
#957=VECTOR('',#3306,10.);
#958=VECTOR('',#3309,10.);
#959=VECTOR('',#3310,10.);
#960=VECTOR('',#3311,10.);
#961=VECTOR('',#3314,10.);
#962=VECTOR('',#3315,10.);
#963=VECTOR('',#3316,10.);
#964=VECTOR('',#3319,10.);
#965=VECTOR('',#3320,10.);
#966=VECTOR('',#3321,10.);
#967=VECTOR('',#3324,10.);
#968=VECTOR('',#3325,10.);
#969=VECTOR('',#3330,10.);
#970=VECTOR('',#3331,10.);
#971=VECTOR('',#3332,10.);
#972=VECTOR('',#3333,10.);
#973=VECTOR('',#3336,10.);
#974=VECTOR('',#3337,10.);
#975=VECTOR('',#3338,10.);
#976=VECTOR('',#3341,10.);
#977=VECTOR('',#3342,10.);
#978=VECTOR('',#3343,10.);
#979=VECTOR('',#3346,10.);
#980=VECTOR('',#3347,10.);
#981=VECTOR('',#3358,10.);
#982=VECTOR('',#3359,10.);
#983=VECTOR('',#3360,10.);
#984=VECTOR('',#3361,10.);
#985=VECTOR('',#3364,10.);
#986=VECTOR('',#3365,10.);
#987=VECTOR('',#3366,10.);
#988=VECTOR('',#3369,10.);
#989=VECTOR('',#3370,10.);
#990=VECTOR('',#3371,10.);
#991=VECTOR('',#3374,10.);
#992=VECTOR('',#3375,10.);
#993=VECTOR('',#3376,10.);
#994=VECTOR('',#3379,10.);
#995=VECTOR('',#3380,10.);
#996=VECTOR('',#3383,10.);
#997=VECTOR('',#3384,10.);
#998=VECTOR('',#3385,10.);
#999=VECTOR('',#3386,10.);
#1000=VECTOR('',#3387,10.);
#1001=VECTOR('',#3388,10.);
#1002=VECTOR('',#3389,10.);
#1003=VECTOR('',#3390,10.);
#1004=VECTOR('',#3391,10.);
#1005=VECTOR('',#3394,10.);
#1006=VECTOR('',#3395,10.);
#1007=VECTOR('',#3396,10.);
#1008=VECTOR('',#3397,10.);
#1009=VECTOR('',#3400,10.);
#1010=VECTOR('',#3401,10.);
#1011=VECTOR('',#3402,10.);
#1012=VECTOR('',#3405,10.);
#1013=VECTOR('',#3408,10.);
#1014=VECTOR('',#3421,10.);
#1015=VECTOR('',#3424,10.);
#1016=VECTOR('',#3429,10.);
#1017=VECTOR('',#3432,10.);
#1018=VECTOR('',#3433,10.);
#1019=VECTOR('',#3436,10.);
#1020=VECTOR('',#3437,10.);
#1021=VECTOR('',#3440,10.);
#1022=VECTOR('',#3443,10.);
#1023=VECTOR('',#3444,10.);
#1024=VECTOR('',#3445,10.);
#1025=VECTOR('',#3446,10.);
#1026=VECTOR('',#3447,10.);
#1027=VECTOR('',#3450,10.);
#1028=VECTOR('',#3451,10.);
#1029=VECTOR('',#3454,10.);
#1030=VECTOR('',#3455,10.);
#1031=VECTOR('',#3456,10.);
#1032=VECTOR('',#3457,10.);
#1033=VECTOR('',#3460,10.);
#1034=VECTOR('',#3461,10.);
#1035=VECTOR('',#3462,10.);
#1036=VECTOR('',#3467,10.);
#1037=VECTOR('',#3470,10.);
#1038=VECTOR('',#3471,10.);
#1039=VECTOR('',#3478,10.);
#1040=VECTOR('',#3479,10.);
#1041=VECTOR('',#3480,10.);
#1042=VECTOR('',#3481,10.);
#1043=VECTOR('',#3482,10.);
#1044=VECTOR('',#3483,10.);
#1045=VECTOR('',#3484,10.);
#1046=VECTOR('',#3487,10.);
#1047=VECTOR('',#3488,10.);
#1048=VECTOR('',#3489,10.);
#1049=VECTOR('',#3490,10.);
#1050=VECTOR('',#3493,10.);
#1051=VECTOR('',#3494,10.);
#1052=VECTOR('',#3495,10.);
#1053=VECTOR('',#3498,10.);
#1054=VECTOR('',#3499,10.);
#1055=VECTOR('',#3500,10.);
#1056=VECTOR('',#3503,10.);
#1057=VECTOR('',#3504,10.);
#1058=VECTOR('',#3509,1.5);
#1059=VECTOR('',#3512,10.);
#1060=VECTOR('',#3515,10.);
#1061=VECTOR('',#3516,10.);
#1062=VECTOR('',#3519,10.);
#1063=VECTOR('',#3522,10.);
#1064=VECTOR('',#3525,10.);
#1065=VECTOR('',#3528,10.);
#1066=VECTOR('',#3529,10.);
#1067=VECTOR('',#3530,10.);
#1068=VECTOR('',#3533,10.);
#1069=VECTOR('',#3534,10.);
#1070=VECTOR('',#3537,10.);
#1071=VECTOR('',#3538,10.);
#1072=VECTOR('',#3541,10.);
#1073=VECTOR('',#3544,10.);
#1074=VECTOR('',#3545,10.);
#1075=VECTOR('',#3548,10.);
#1076=VECTOR('',#3549,10.);
#1077=VECTOR('',#3556,10.);
#1078=VECTOR('',#3557,10.);
#1079=VECTOR('',#3558,10.);
#1080=VECTOR('',#3561,10.);
#1081=VECTOR('',#3566,10.);
#1082=VECTOR('',#3569,10.);
#1083=VECTOR('',#3570,10.);
#1084=VECTOR('',#3573,0.999999999999999);
#1085=VECTOR('',#3578,0.999999999999999);
#1086=VECTOR('',#3583,1.);
#1087=VECTOR('',#3588,1.);
#1088=VECTOR('',#3593,10.);
#1089=VERTEX_POINT('',#3598);
#1090=VERTEX_POINT('',#3599);
#1091=VERTEX_POINT('',#3601);
#1092=VERTEX_POINT('',#3603);
#1093=VERTEX_POINT('',#3607);
#1094=VERTEX_POINT('',#3609);
#1095=VERTEX_POINT('',#3613);
#1096=VERTEX_POINT('',#3615);
#1097=VERTEX_POINT('',#3619);
#1098=VERTEX_POINT('',#3621);
#1099=VERTEX_POINT('',#3625);
#1100=VERTEX_POINT('',#3627);
#1101=VERTEX_POINT('',#3635);
#1102=VERTEX_POINT('',#3636);
#1103=VERTEX_POINT('',#3638);
#1104=VERTEX_POINT('',#3640);
#1105=VERTEX_POINT('',#3644);
#1106=VERTEX_POINT('',#3646);
#1107=VERTEX_POINT('',#3650);
#1108=VERTEX_POINT('',#3652);
#1109=VERTEX_POINT('',#3656);
#1110=VERTEX_POINT('',#3658);
#1111=VERTEX_POINT('',#3662);
#1112=VERTEX_POINT('',#3664);
#1113=VERTEX_POINT('',#3668);
#1114=VERTEX_POINT('',#3670);
#1115=VERTEX_POINT('',#3674);
#1116=VERTEX_POINT('',#3676);
#1117=VERTEX_POINT('',#3680);
#1118=VERTEX_POINT('',#3682);
#1119=VERTEX_POINT('',#3690);
#1120=VERTEX_POINT('',#3691);
#1121=VERTEX_POINT('',#3693);
#1122=VERTEX_POINT('',#3695);
#1123=VERTEX_POINT('',#3699);
#1124=VERTEX_POINT('',#3701);
#1125=VERTEX_POINT('',#3705);
#1126=VERTEX_POINT('',#3707);
#1127=VERTEX_POINT('',#3715);
#1128=VERTEX_POINT('',#3716);
#1129=VERTEX_POINT('',#3718);
#1130=VERTEX_POINT('',#3720);
#1131=VERTEX_POINT('',#3724);
#1132=VERTEX_POINT('',#3726);
#1133=VERTEX_POINT('',#3734);
#1134=VERTEX_POINT('',#3735);
#1135=VERTEX_POINT('',#3737);
#1136=VERTEX_POINT('',#3739);
#1137=VERTEX_POINT('',#3743);
#1138=VERTEX_POINT('',#3745);
#1139=VERTEX_POINT('',#3749);
#1140=VERTEX_POINT('',#3751);
#1141=VERTEX_POINT('',#3759);
#1142=VERTEX_POINT('',#3760);
#1143=VERTEX_POINT('',#3762);
#1144=VERTEX_POINT('',#3764);
#1145=VERTEX_POINT('',#3768);
#1146=VERTEX_POINT('',#3770);
#1147=VERTEX_POINT('',#3772);
#1148=VERTEX_POINT('',#3774);
#1149=VERTEX_POINT('',#3778);
#1150=VERTEX_POINT('',#3780);
#1151=VERTEX_POINT('',#3784);
#1152=VERTEX_POINT('',#3786);
#1153=VERTEX_POINT('',#3790);
#1154=VERTEX_POINT('',#3792);
#1155=VERTEX_POINT('',#3796);
#1156=VERTEX_POINT('',#3798);
#1157=VERTEX_POINT('',#3800);
#1158=VERTEX_POINT('',#3804);
#1159=VERTEX_POINT('',#3805);
#1160=VERTEX_POINT('',#3807);
#1161=VERTEX_POINT('',#3809);
#1162=VERTEX_POINT('',#3813);
#1163=VERTEX_POINT('',#3815);
#1164=VERTEX_POINT('',#3819);
#1165=VERTEX_POINT('',#3820);
#1166=VERTEX_POINT('',#3822);
#1167=VERTEX_POINT('',#3824);
#1168=VERTEX_POINT('',#3826);
#1169=VERTEX_POINT('',#3828);
#1170=VERTEX_POINT('',#3833);
#1171=VERTEX_POINT('',#3835);
#1172=VERTEX_POINT('',#3839);
#1173=VERTEX_POINT('',#3840);
#1174=VERTEX_POINT('',#3842);
#1175=VERTEX_POINT('',#3844);
#1176=VERTEX_POINT('',#3849);
#1177=VERTEX_POINT('',#3851);
#1178=VERTEX_POINT('',#3855);
#1179=VERTEX_POINT('',#3856);
#1180=VERTEX_POINT('',#3858);
#1181=VERTEX_POINT('',#3860);
#1182=VERTEX_POINT('',#3864);
#1183=VERTEX_POINT('',#3866);
#1184=VERTEX_POINT('',#3870);
#1185=VERTEX_POINT('',#3872);
#1186=VERTEX_POINT('',#3876);
#1187=VERTEX_POINT('',#3878);
#1188=VERTEX_POINT('',#3882);
#1189=VERTEX_POINT('',#3884);
#1190=VERTEX_POINT('',#3888);
#1191=VERTEX_POINT('',#3890);
#1192=VERTEX_POINT('',#3894);
#1193=VERTEX_POINT('',#3896);
#1194=VERTEX_POINT('',#3904);
#1195=VERTEX_POINT('',#3905);
#1196=VERTEX_POINT('',#3907);
#1197=VERTEX_POINT('',#3909);
#1198=VERTEX_POINT('',#3913);
#1199=VERTEX_POINT('',#3915);
#1200=VERTEX_POINT('',#3930);
#1201=VERTEX_POINT('',#3937);
#1202=VERTEX_POINT('',#3957);
#1203=VERTEX_POINT('',#3964);
#1204=VERTEX_POINT('',#3984);
#1205=VERTEX_POINT('',#3991);
#1206=VERTEX_POINT('',#4011);
#1207=VERTEX_POINT('',#4018);
#1208=VERTEX_POINT('',#4038);
#1209=VERTEX_POINT('',#4045);
#1210=VERTEX_POINT('',#4057);
#1211=VERTEX_POINT('',#4058);
#1212=VERTEX_POINT('',#4060);
#1213=VERTEX_POINT('',#4062);
#1214=VERTEX_POINT('',#4077);
#1215=VERTEX_POINT('',#4084);
#1216=VERTEX_POINT('',#4104);
#1217=VERTEX_POINT('',#4111);
#1218=VERTEX_POINT('',#4131);
#1219=VERTEX_POINT('',#4138);
#1220=VERTEX_POINT('',#4158);
#1221=VERTEX_POINT('',#4165);
#1222=VERTEX_POINT('',#4185);
#1223=VERTEX_POINT('',#4192);
#1224=VERTEX_POINT('',#4212);
#1225=VERTEX_POINT('',#4219);
#1226=VERTEX_POINT('',#4228);
#1227=VERTEX_POINT('',#4230);
#1228=VERTEX_POINT('',#4238);
#1229=VERTEX_POINT('',#4239);
#1230=VERTEX_POINT('',#4241);
#1231=VERTEX_POINT('',#4243);
#1232=VERTEX_POINT('',#4258);
#1233=VERTEX_POINT('',#4265);
#1234=VERTEX_POINT('',#4285);
#1235=VERTEX_POINT('',#4292);
#1236=VERTEX_POINT('',#4312);
#1237=VERTEX_POINT('',#4319);
#1238=VERTEX_POINT('',#4339);
#1239=VERTEX_POINT('',#4346);
#1240=VERTEX_POINT('',#4366);
#1241=VERTEX_POINT('',#4373);
#1242=VERTEX_POINT('',#4401);
#1243=VERTEX_POINT('',#4412);
#1244=VERTEX_POINT('',#4425);
#1245=VERTEX_POINT('',#4427);
#1246=VERTEX_POINT('',#4450);
#1247=VERTEX_POINT('',#4461);
#1248=VERTEX_POINT('',#4485);
#1249=VERTEX_POINT('',#4492);
#1250=VERTEX_POINT('',#4512);
#1251=VERTEX_POINT('',#4519);
#1252=VERTEX_POINT('',#4539);
#1253=VERTEX_POINT('',#4546);
#1254=VERTEX_POINT('',#4566);
#1255=VERTEX_POINT('',#4573);
#1256=VERTEX_POINT('',#4593);
#1257=VERTEX_POINT('',#4600);
#1258=VERTEX_POINT('',#4609);
#1259=VERTEX_POINT('',#4611);
#1260=VERTEX_POINT('',#4615);
#1261=VERTEX_POINT('',#4617);
#1262=VERTEX_POINT('',#4621);
#1263=VERTEX_POINT('',#4623);
#1264=VERTEX_POINT('',#4631);
#1265=VERTEX_POINT('',#4632);
#1266=VERTEX_POINT('',#4634);
#1267=VERTEX_POINT('',#4636);
#1268=VERTEX_POINT('',#4640);
#1269=VERTEX_POINT('',#4642);
#1270=VERTEX_POINT('',#4646);
#1271=VERTEX_POINT('',#4648);
#1272=VERTEX_POINT('',#4657);
#1273=VERTEX_POINT('',#4660);
#1274=VERTEX_POINT('',#4661);
#1275=VERTEX_POINT('',#4663);
#1276=VERTEX_POINT('',#4665);
#1277=VERTEX_POINT('',#4669);
#1278=VERTEX_POINT('',#4671);
#1279=VERTEX_POINT('',#4675);
#1280=VERTEX_POINT('',#4676);
#1281=VERTEX_POINT('',#4681);
#1282=VERTEX_POINT('',#4683);
#1283=VERTEX_POINT('',#4687);
#1284=VERTEX_POINT('',#4691);
#1285=VERTEX_POINT('',#4693);
#1286=VERTEX_POINT('',#4695);
#1287=VERTEX_POINT('',#4697);
#1288=VERTEX_POINT('',#4699);
#1289=VERTEX_POINT('',#4702);
#1290=VERTEX_POINT('',#4704);
#1291=VERTEX_POINT('',#4708);
#1292=VERTEX_POINT('',#4710);
#1293=VERTEX_POINT('',#4712);
#1294=VERTEX_POINT('',#4714);
#1295=VERTEX_POINT('',#4716);
#1296=VERTEX_POINT('',#4721);
#1297=VERTEX_POINT('',#4722);
#1298=VERTEX_POINT('',#4724);
#1299=VERTEX_POINT('',#4726);
#1300=VERTEX_POINT('',#4729);
#1301=VERTEX_POINT('',#4731);
#1302=VERTEX_POINT('',#4733);
#1303=VERTEX_POINT('',#4735);
#1304=VERTEX_POINT('',#4746);
#1305=VERTEX_POINT('',#4750);
#1306=VERTEX_POINT('',#4756);
#1307=VERTEX_POINT('',#4758);
#1308=VERTEX_POINT('',#4760);
#1309=VERTEX_POINT('',#4762);
#1310=VERTEX_POINT('',#4766);
#1311=VERTEX_POINT('',#4770);
#1312=VERTEX_POINT('',#4772);
#1313=VERTEX_POINT('',#4774);
#1314=VERTEX_POINT('',#4778);
#1315=VERTEX_POINT('',#4779);
#1316=VERTEX_POINT('',#4784);
#1317=VERTEX_POINT('',#4788);
#1318=VERTEX_POINT('',#4794);
#1319=VERTEX_POINT('',#4796);
#1320=VERTEX_POINT('',#4798);
#1321=VERTEX_POINT('',#4800);
#1322=VERTEX_POINT('',#4802);
#1323=VERTEX_POINT('',#4804);
#1324=VERTEX_POINT('',#4806);
#1325=VERTEX_POINT('',#4808);
#1326=VERTEX_POINT('',#4810);
#1327=VERTEX_POINT('',#4812);
#1328=VERTEX_POINT('',#4817);
#1329=VERTEX_POINT('',#4818);
#1330=VERTEX_POINT('',#4823);
#1331=VERTEX_POINT('',#4824);
#1332=VERTEX_POINT('',#4826);
#1333=VERTEX_POINT('',#4828);
#1334=VERTEX_POINT('',#4830);
#1335=VERTEX_POINT('',#4832);
#1336=VERTEX_POINT('',#4835);
#1337=VERTEX_POINT('',#4851);
#1338=VERTEX_POINT('',#4852);
#1339=VERTEX_POINT('',#4857);
#1340=VERTEX_POINT('',#4861);
#1341=VERTEX_POINT('',#4867);
#1342=VERTEX_POINT('',#4871);
#1343=VERTEX_POINT('',#4878);
#1344=VERTEX_POINT('',#4887);
#1345=VERTEX_POINT('',#4891);
#1346=VERTEX_POINT('',#4895);
#1347=VERTEX_POINT('',#4899);
#1348=VERTEX_POINT('',#4903);
#1349=EDGE_CURVE('',#1089,#1090,#493,.T.);
#1350=EDGE_CURVE('',#1089,#1091,#494,.T.);
#1351=EDGE_CURVE('',#1091,#1092,#495,.T.);
#1352=EDGE_CURVE('',#1090,#1092,#496,.T.);
#1353=EDGE_CURVE('',#1093,#1089,#497,.T.);
#1354=EDGE_CURVE('',#1093,#1094,#498,.T.);
#1355=EDGE_CURVE('',#1094,#1091,#499,.T.);
#1356=EDGE_CURVE('',#1095,#1093,#500,.T.);
#1357=EDGE_CURVE('',#1095,#1096,#501,.T.);
#1358=EDGE_CURVE('',#1096,#1094,#502,.T.);
#1359=EDGE_CURVE('',#1097,#1095,#503,.T.);
#1360=EDGE_CURVE('',#1097,#1098,#504,.T.);
#1361=EDGE_CURVE('',#1098,#1096,#505,.T.);
#1362=EDGE_CURVE('',#1099,#1097,#126,.T.);
#1363=EDGE_CURVE('',#1099,#1100,#506,.T.);
#1364=EDGE_CURVE('',#1100,#1098,#127,.T.);
#1365=EDGE_CURVE('',#1090,#1099,#507,.T.);
#1366=EDGE_CURVE('',#1092,#1100,#508,.T.);
#1367=EDGE_CURVE('',#1101,#1102,#509,.T.);
#1368=EDGE_CURVE('',#1101,#1103,#510,.T.);
#1369=EDGE_CURVE('',#1103,#1104,#511,.T.);
#1370=EDGE_CURVE('',#1102,#1104,#512,.T.);
#1371=EDGE_CURVE('',#1105,#1101,#513,.T.);
#1372=EDGE_CURVE('',#1105,#1106,#514,.T.);
#1373=EDGE_CURVE('',#1106,#1103,#515,.T.);
#1374=EDGE_CURVE('',#1107,#1105,#128,.T.);
#1375=EDGE_CURVE('',#1107,#1108,#516,.T.);
#1376=EDGE_CURVE('',#1108,#1106,#129,.T.);
#1377=EDGE_CURVE('',#1109,#1107,#517,.T.);
#1378=EDGE_CURVE('',#1109,#1110,#518,.T.);
#1379=EDGE_CURVE('',#1110,#1108,#519,.T.);
#1380=EDGE_CURVE('',#1111,#1109,#520,.T.);
#1381=EDGE_CURVE('',#1111,#1112,#521,.T.);
#1382=EDGE_CURVE('',#1112,#1110,#522,.T.);
#1383=EDGE_CURVE('',#1113,#1111,#130,.T.);
#1384=EDGE_CURVE('',#1113,#1114,#523,.T.);
#1385=EDGE_CURVE('',#1114,#1112,#131,.T.);
#1386=EDGE_CURVE('',#1115,#1113,#524,.T.);
#1387=EDGE_CURVE('',#1115,#1116,#525,.T.);
#1388=EDGE_CURVE('',#1116,#1114,#526,.T.);
#1389=EDGE_CURVE('',#1117,#1115,#527,.T.);
#1390=EDGE_CURVE('',#1117,#1118,#528,.T.);
#1391=EDGE_CURVE('',#1118,#1116,#529,.T.);
#1392=EDGE_CURVE('',#1102,#1117,#530,.T.);
#1393=EDGE_CURVE('',#1104,#1118,#531,.T.);
#1394=EDGE_CURVE('',#1119,#1120,#532,.T.);
#1395=EDGE_CURVE('',#1119,#1121,#533,.T.);
#1396=EDGE_CURVE('',#1121,#1122,#534,.T.);
#1397=EDGE_CURVE('',#1120,#1122,#535,.T.);
#1398=EDGE_CURVE('',#1123,#1119,#536,.T.);
#1399=EDGE_CURVE('',#1123,#1124,#537,.T.);
#1400=EDGE_CURVE('',#1124,#1121,#538,.T.);
#1401=EDGE_CURVE('',#1125,#1123,#539,.T.);
#1402=EDGE_CURVE('',#1125,#1126,#540,.T.);
#1403=EDGE_CURVE('',#1126,#1124,#541,.T.);
#1404=EDGE_CURVE('',#1120,#1125,#542,.T.);
#1405=EDGE_CURVE('',#1122,#1126,#543,.T.);
#1406=EDGE_CURVE('',#1127,#1128,#544,.T.);
#1407=EDGE_CURVE('',#1127,#1129,#545,.T.);
#1408=EDGE_CURVE('',#1129,#1130,#546,.T.);
#1409=EDGE_CURVE('',#1128,#1130,#547,.T.);
#1410=EDGE_CURVE('',#1131,#1127,#548,.T.);
#1411=EDGE_CURVE('',#1131,#1132,#549,.T.);
#1412=EDGE_CURVE('',#1132,#1129,#550,.T.);
#1413=EDGE_CURVE('',#1128,#1131,#551,.T.);
#1414=EDGE_CURVE('',#1130,#1132,#552,.T.);
#1415=EDGE_CURVE('',#1133,#1134,#553,.T.);
#1416=EDGE_CURVE('',#1133,#1135,#554,.T.);
#1417=EDGE_CURVE('',#1135,#1136,#555,.T.);
#1418=EDGE_CURVE('',#1134,#1136,#556,.T.);
#1419=EDGE_CURVE('',#1137,#1133,#557,.T.);
#1420=EDGE_CURVE('',#1137,#1138,#558,.T.);
#1421=EDGE_CURVE('',#1138,#1135,#559,.T.);
#1422=EDGE_CURVE('',#1139,#1137,#560,.T.);
#1423=EDGE_CURVE('',#1139,#1140,#561,.T.);
#1424=EDGE_CURVE('',#1140,#1138,#562,.T.);
#1425=EDGE_CURVE('',#1134,#1139,#563,.T.);
#1426=EDGE_CURVE('',#1136,#1140,#564,.T.);
#1427=EDGE_CURVE('',#1141,#1142,#104,.T.);
#1428=EDGE_CURVE('',#1142,#1143,#565,.T.);
#1429=EDGE_CURVE('',#1143,#1144,#132,.T.);
#1430=EDGE_CURVE('',#1144,#1141,#566,.T.);
#1431=EDGE_CURVE('',#1145,#1142,#105,.F.);
#1432=EDGE_CURVE('',#1146,#1145,#133,.T.);
#1433=EDGE_CURVE('',#1147,#1146,#106,.T.);
#1434=EDGE_CURVE('',#1148,#1147,#567,.T.);
#1435=EDGE_CURVE('',#1148,#1143,#134,.T.);
#1436=EDGE_CURVE('',#1147,#1149,#107,.T.);
#1437=EDGE_CURVE('',#1149,#1150,#568,.T.);
#1438=EDGE_CURVE('',#1150,#1148,#135,.T.);
#1439=EDGE_CURVE('',#1151,#1149,#569,.T.);
#1440=EDGE_CURVE('',#1152,#1151,#570,.T.);
#1441=EDGE_CURVE('',#1152,#1150,#571,.T.);
#1442=EDGE_CURVE('',#1151,#1153,#108,.T.);
#1443=EDGE_CURVE('',#1153,#1154,#572,.T.);
#1444=EDGE_CURVE('',#1154,#1152,#136,.T.);
#1445=EDGE_CURVE('',#1155,#1153,#109,.F.);
#1446=EDGE_CURVE('',#1156,#1155,#137,.T.);
#1447=EDGE_CURVE('',#1157,#1156,#573,.T.);
#1448=EDGE_CURVE('',#1157,#1154,#138,.T.);
#1449=EDGE_CURVE('',#1158,#1159,#110,.T.);
#1450=EDGE_CURVE('',#1159,#1160,#574,.T.);
#1451=EDGE_CURVE('',#1160,#1161,#139,.T.);
#1452=EDGE_CURVE('',#1161,#1158,#575,.T.);
#1453=EDGE_CURVE('',#1162,#1159,#576,.T.);
#1454=EDGE_CURVE('',#1163,#1162,#577,.T.);
#1455=EDGE_CURVE('',#1160,#1163,#578,.T.);
#1456=EDGE_CURVE('',#1164,#1165,#140,.T.);
#1457=EDGE_CURVE('',#1164,#1166,#579,.T.);
#1458=EDGE_CURVE('',#1166,#1167,#111,.T.);
#1459=EDGE_CURVE('',#1167,#1168,#580,.T.);
#1460=EDGE_CURVE('',#1168,#1169,#141,.T.);
#1461=EDGE_CURVE('',#1165,#1169,#581,.T.);
#1462=EDGE_CURVE('',#1161,#1168,#142,.T.);
#1463=EDGE_CURVE('',#1170,#1167,#112,.F.);
#1464=EDGE_CURVE('',#1171,#1170,#143,.T.);
#1465=EDGE_CURVE('',#1158,#1171,#113,.T.);
#1466=EDGE_CURVE('',#1172,#1173,#114,.T.);
#1467=EDGE_CURVE('',#1173,#1174,#582,.T.);
#1468=EDGE_CURVE('',#1174,#1175,#144,.T.);
#1469=EDGE_CURVE('',#1175,#1172,#583,.T.);
#1470=EDGE_CURVE('',#1174,#1169,#584,.T.);
#1471=EDGE_CURVE('',#1176,#1173,#585,.T.);
#1472=EDGE_CURVE('',#1177,#1176,#586,.T.);
#1473=EDGE_CURVE('',#1165,#1177,#587,.T.);
#1474=EDGE_CURVE('',#1178,#1179,#588,.T.);
#1475=EDGE_CURVE('',#1178,#1180,#589,.T.);
#1476=EDGE_CURVE('',#1180,#1181,#590,.T.);
#1477=EDGE_CURVE('',#1179,#1181,#591,.T.);
#1478=EDGE_CURVE('',#1182,#1178,#592,.T.);
#1479=EDGE_CURVE('',#1182,#1183,#593,.T.);
#1480=EDGE_CURVE('',#1183,#1180,#594,.T.);
#1481=EDGE_CURVE('',#1184,#1182,#595,.T.);
#1482=EDGE_CURVE('',#1184,#1185,#596,.T.);
#1483=EDGE_CURVE('',#1185,#1183,#597,.T.);
#1484=EDGE_CURVE('',#1186,#1184,#598,.T.);
#1485=EDGE_CURVE('',#1186,#1187,#599,.T.);
#1486=EDGE_CURVE('',#1187,#1185,#600,.T.);
#1487=EDGE_CURVE('',#1188,#1186,#601,.T.);
#1488=EDGE_CURVE('',#1188,#1189,#602,.T.);
#1489=EDGE_CURVE('',#1189,#1187,#603,.T.);
#1490=EDGE_CURVE('',#1190,#1188,#604,.T.);
#1491=EDGE_CURVE('',#1190,#1191,#605,.T.);
#1492=EDGE_CURVE('',#1191,#1189,#606,.T.);
#1493=EDGE_CURVE('',#1192,#1190,#607,.T.);
#1494=EDGE_CURVE('',#1192,#1193,#608,.T.);
#1495=EDGE_CURVE('',#1193,#1191,#609,.T.);
#1496=EDGE_CURVE('',#1179,#1192,#610,.T.);
#1497=EDGE_CURVE('',#1181,#1193,#611,.T.);
#1498=EDGE_CURVE('',#1194,#1195,#612,.T.);
#1499=EDGE_CURVE('',#1194,#1196,#613,.T.);
#1500=EDGE_CURVE('',#1196,#1197,#614,.T.);
#1501=EDGE_CURVE('',#1195,#1197,#615,.T.);
#1502=EDGE_CURVE('',#1198,#1194,#616,.T.);
#1503=EDGE_CURVE('',#1198,#1199,#617,.T.);
#1504=EDGE_CURVE('',#1199,#1196,#618,.T.);
#1505=EDGE_CURVE('',#1200,#1198,#35,.T.);
#1506=EDGE_CURVE('',#1200,#1201,#619,.T.);
#1507=EDGE_CURVE('',#1201,#1199,#36,.T.);
#1508=EDGE_CURVE('',#1202,#1200,#37,.T.);
#1509=EDGE_CURVE('',#1202,#1203,#620,.T.);
#1510=EDGE_CURVE('',#1203,#1201,#38,.T.);
#1511=EDGE_CURVE('',#1204,#1202,#39,.T.);
#1512=EDGE_CURVE('',#1204,#1205,#621,.T.);
#1513=EDGE_CURVE('',#1205,#1203,#40,.T.);
#1514=EDGE_CURVE('',#1206,#1204,#41,.T.);
#1515=EDGE_CURVE('',#1206,#1207,#622,.T.);
#1516=EDGE_CURVE('',#1207,#1205,#42,.T.);
#1517=EDGE_CURVE('',#1208,#1206,#43,.T.);
#1518=EDGE_CURVE('',#1208,#1209,#623,.T.);
#1519=EDGE_CURVE('',#1209,#1207,#44,.T.);
#1520=EDGE_CURVE('',#1195,#1208,#624,.T.);
#1521=EDGE_CURVE('',#1197,#1209,#625,.T.);
#1522=EDGE_CURVE('',#1210,#1211,#626,.T.);
#1523=EDGE_CURVE('',#1210,#1212,#627,.T.);
#1524=EDGE_CURVE('',#1212,#1213,#628,.T.);
#1525=EDGE_CURVE('',#1211,#1213,#629,.T.);
#1526=EDGE_CURVE('',#1214,#1210,#45,.T.);
#1527=EDGE_CURVE('',#1214,#1215,#630,.T.);
#1528=EDGE_CURVE('',#1215,#1212,#46,.T.);
#1529=EDGE_CURVE('',#1216,#1214,#47,.T.);
#1530=EDGE_CURVE('',#1216,#1217,#631,.T.);
#1531=EDGE_CURVE('',#1217,#1215,#48,.T.);
#1532=EDGE_CURVE('',#1218,#1216,#49,.T.);
#1533=EDGE_CURVE('',#1218,#1219,#632,.T.);
#1534=EDGE_CURVE('',#1219,#1217,#50,.T.);
#1535=EDGE_CURVE('',#1220,#1218,#51,.T.);
#1536=EDGE_CURVE('',#1220,#1221,#633,.T.);
#1537=EDGE_CURVE('',#1221,#1219,#52,.T.);
#1538=EDGE_CURVE('',#1222,#1220,#53,.T.);
#1539=EDGE_CURVE('',#1222,#1223,#634,.T.);
#1540=EDGE_CURVE('',#1223,#1221,#54,.T.);
#1541=EDGE_CURVE('',#1224,#1222,#55,.T.);
#1542=EDGE_CURVE('',#1224,#1225,#635,.T.);
#1543=EDGE_CURVE('',#1225,#1223,#56,.T.);
#1544=EDGE_CURVE('',#1226,#1224,#636,.T.);
#1545=EDGE_CURVE('',#1226,#1227,#637,.T.);
#1546=EDGE_CURVE('',#1227,#1225,#638,.T.);
#1547=EDGE_CURVE('',#1211,#1226,#639,.T.);
#1548=EDGE_CURVE('',#1213,#1227,#640,.T.);
#1549=EDGE_CURVE('',#1228,#1229,#641,.T.);
#1550=EDGE_CURVE('',#1228,#1230,#642,.T.);
#1551=EDGE_CURVE('',#1230,#1231,#643,.T.);
#1552=EDGE_CURVE('',#1229,#1231,#644,.T.);
#1553=EDGE_CURVE('',#1232,#1228,#57,.T.);
#1554=EDGE_CURVE('',#1232,#1233,#645,.T.);
#1555=EDGE_CURVE('',#1233,#1230,#58,.T.);
#1556=EDGE_CURVE('',#1234,#1232,#59,.T.);
#1557=EDGE_CURVE('',#1234,#1235,#646,.T.);
#1558=EDGE_CURVE('',#1235,#1233,#60,.T.);
#1559=EDGE_CURVE('',#1236,#1234,#61,.T.);
#1560=EDGE_CURVE('',#1236,#1237,#647,.T.);
#1561=EDGE_CURVE('',#1237,#1235,#62,.T.);
#1562=EDGE_CURVE('',#1238,#1236,#63,.T.);
#1563=EDGE_CURVE('',#1238,#1239,#648,.T.);
#1564=EDGE_CURVE('',#1239,#1237,#64,.T.);
#1565=EDGE_CURVE('',#1240,#1238,#65,.T.);
#1566=EDGE_CURVE('',#1240,#1241,#649,.T.);
#1567=EDGE_CURVE('',#1241,#1239,#66,.T.);
#1568=EDGE_CURVE('',#1242,#1240,#67,.T.);
#1569=EDGE_CURVE('',#1242,#1243,#650,.T.);
#1570=EDGE_CURVE('',#1243,#1241,#68,.T.);
#1571=EDGE_CURVE('',#1244,#1242,#651,.T.);
#1572=EDGE_CURVE('',#1244,#1245,#652,.T.);
#1573=EDGE_CURVE('',#1245,#1243,#653,.T.);
#1574=EDGE_CURVE('',#1246,#1244,#69,.T.);
#1575=EDGE_CURVE('',#1246,#1247,#654,.T.);
#1576=EDGE_CURVE('',#1247,#1245,#70,.T.);
#1577=EDGE_CURVE('',#1248,#1246,#71,.T.);
#1578=EDGE_CURVE('',#1248,#1249,#655,.T.);
#1579=EDGE_CURVE('',#1249,#1247,#72,.T.);
#1580=EDGE_CURVE('',#1250,#1248,#73,.T.);
#1581=EDGE_CURVE('',#1250,#1251,#656,.T.);
#1582=EDGE_CURVE('',#1251,#1249,#74,.T.);
#1583=EDGE_CURVE('',#1252,#1250,#75,.T.);
#1584=EDGE_CURVE('',#1252,#1253,#657,.T.);
#1585=EDGE_CURVE('',#1253,#1251,#76,.T.);
#1586=EDGE_CURVE('',#1254,#1252,#77,.T.);
#1587=EDGE_CURVE('',#1254,#1255,#658,.T.);
#1588=EDGE_CURVE('',#1255,#1253,#78,.T.);
#1589=EDGE_CURVE('',#1256,#1254,#79,.T.);
#1590=EDGE_CURVE('',#1256,#1257,#659,.T.);
#1591=EDGE_CURVE('',#1257,#1255,#80,.T.);
#1592=EDGE_CURVE('',#1258,#1256,#660,.T.);
#1593=EDGE_CURVE('',#1258,#1259,#661,.T.);
#1594=EDGE_CURVE('',#1259,#1257,#662,.T.);
#1595=EDGE_CURVE('',#1260,#1258,#663,.T.);
#1596=EDGE_CURVE('',#1260,#1261,#664,.T.);
#1597=EDGE_CURVE('',#1261,#1259,#665,.T.);
#1598=EDGE_CURVE('',#1262,#1260,#666,.T.);
#1599=EDGE_CURVE('',#1262,#1263,#667,.T.);
#1600=EDGE_CURVE('',#1263,#1261,#668,.T.);
#1601=EDGE_CURVE('',#1229,#1262,#669,.T.);
#1602=EDGE_CURVE('',#1231,#1263,#670,.T.);
#1603=EDGE_CURVE('',#1264,#1265,#671,.T.);
#1604=EDGE_CURVE('',#1264,#1266,#672,.T.);
#1605=EDGE_CURVE('',#1266,#1267,#673,.T.);
#1606=EDGE_CURVE('',#1265,#1267,#674,.T.);
#1607=EDGE_CURVE('',#1268,#1264,#675,.T.);
#1608=EDGE_CURVE('',#1268,#1269,#676,.T.);
#1609=EDGE_CURVE('',#1269,#1266,#677,.T.);
#1610=EDGE_CURVE('',#1270,#1268,#678,.T.);
#1611=EDGE_CURVE('',#1270,#1271,#679,.T.);
#1612=EDGE_CURVE('',#1271,#1269,#680,.T.);
#1613=EDGE_CURVE('',#1265,#1270,#681,.T.);
#1614=EDGE_CURVE('',#1267,#1271,#682,.T.);
#1615=EDGE_CURVE('',#1272,#1272,#145,.T.);
#1616=EDGE_CURVE('',#1273,#1274,#683,.T.);
#1617=EDGE_CURVE('',#1275,#1273,#684,.T.);
#1618=EDGE_CURVE('',#1276,#1275,#685,.T.);
#1619=EDGE_CURVE('',#1274,#1276,#686,.T.);
#1620=EDGE_CURVE('',#1276,#1277,#687,.T.);
#1621=EDGE_CURVE('',#1278,#1275,#688,.T.);
#1622=EDGE_CURVE('',#1277,#1278,#689,.T.);
#1623=EDGE_CURVE('',#1279,#1280,#690,.T.);
#1624=EDGE_CURVE('',#1279,#1278,#691,.T.);
#1625=EDGE_CURVE('',#1280,#1273,#692,.T.);
#1626=EDGE_CURVE('',#1281,#1280,#693,.T.);
#1627=EDGE_CURVE('',#1282,#1281,#694,.T.);
#1628=EDGE_CURVE('',#1282,#1279,#695,.T.);
#1629=EDGE_CURVE('',#1283,#1162,#696,.T.);
#1630=EDGE_CURVE('',#1171,#1283,#697,.T.);
#1631=EDGE_CURVE('',#1284,#1283,#698,.T.);
#1632=EDGE_CURVE('',#1285,#1284,#699,.T.);
#1633=EDGE_CURVE('',#1286,#1285,#700,.T.);
#1634=EDGE_CURVE('',#1287,#1286,#701,.T.);
#1635=EDGE_CURVE('',#1287,#1288,#702,.T.);
#1636=EDGE_CURVE('',#1277,#1288,#703,.T.);
#1637=EDGE_CURVE('',#1289,#1282,#704,.T.);
#1638=EDGE_CURVE('',#1290,#1289,#705,.T.);
#1639=EDGE_CURVE('',#1163,#1290,#706,.T.);
#1640=EDGE_CURVE('',#1291,#1170,#707,.T.);
#1641=EDGE_CURVE('',#1292,#1291,#708,.T.);
#1642=EDGE_CURVE('',#1293,#1292,#709,.T.);
#1643=EDGE_CURVE('',#1294,#1293,#710,.T.);
#1644=EDGE_CURVE('',#1294,#1295,#146,.T.);
#1645=EDGE_CURVE('',#1295,#1156,#711,.T.);
#1646=EDGE_CURVE('',#1146,#1155,#712,.T.);
#1647=EDGE_CURVE('',#1284,#1145,#713,.T.);
#1648=EDGE_CURVE('',#1296,#1297,#147,.T.);
#1649=EDGE_CURVE('',#1297,#1298,#714,.T.);
#1650=EDGE_CURVE('',#1298,#1299,#148,.T.);
#1651=EDGE_CURVE('',#1299,#1296,#715,.T.);
#1652=EDGE_CURVE('',#1300,#1300,#149,.T.);
#1653=EDGE_CURVE('',#1301,#1301,#150,.T.);
#1654=EDGE_CURVE('',#1302,#1302,#151,.T.);
#1655=EDGE_CURVE('',#1303,#1303,#152,.T.);
#1656=EDGE_CURVE('',#1141,#1285,#716,.T.);
#1657=EDGE_CURVE('',#1286,#1144,#717,.T.);
#1658=EDGE_CURVE('',#1172,#1294,#115,.T.);
#1659=EDGE_CURVE('',#1293,#1176,#718,.T.);
#1660=EDGE_CURVE('',#1304,#1176,#719,.T.);
#1661=EDGE_CURVE('',#1292,#1304,#720,.T.);
#1662=EDGE_CURVE('',#1305,#1304,#721,.T.);
#1663=EDGE_CURVE('',#1291,#1305,#722,.T.);
#1664=EDGE_CURVE('',#1166,#1305,#723,.T.);
#1665=EDGE_CURVE('',#1306,#1304,#724,.T.);
#1666=EDGE_CURVE('',#1307,#1306,#725,.T.);
#1667=EDGE_CURVE('',#1308,#1307,#726,.T.);
#1668=EDGE_CURVE('',#1309,#1308,#727,.T.);
#1669=EDGE_CURVE('',#1309,#1177,#728,.T.);
#1670=EDGE_CURVE('',#1310,#1305,#729,.T.);
#1671=EDGE_CURVE('',#1306,#1310,#730,.T.);
#1672=EDGE_CURVE('',#1164,#1311,#731,.T.);
#1673=EDGE_CURVE('',#1311,#1312,#732,.T.);
#1674=EDGE_CURVE('',#1313,#1312,#733,.T.);
#1675=EDGE_CURVE('',#1313,#1310,#734,.T.);
#1676=EDGE_CURVE('',#1314,#1315,#735,.T.);
#1677=EDGE_CURVE('',#1314,#1296,#736,.T.);
#1678=EDGE_CURVE('',#1315,#1299,#737,.T.);
#1679=EDGE_CURVE('',#1315,#1316,#153,.T.);
#1680=EDGE_CURVE('',#1316,#1298,#738,.T.);
#1681=EDGE_CURVE('',#1316,#1317,#739,.T.);
#1682=EDGE_CURVE('',#1317,#1297,#740,.T.);
#1683=EDGE_CURVE('',#1317,#1314,#154,.T.);
#1684=EDGE_CURVE('',#1288,#1318,#741,.T.);
#1685=EDGE_CURVE('',#1318,#1319,#742,.T.);
#1686=EDGE_CURVE('',#1319,#1320,#743,.T.);
#1687=EDGE_CURVE('',#1320,#1321,#744,.T.);
#1688=EDGE_CURVE('',#1321,#1322,#745,.T.);
#1689=EDGE_CURVE('',#1322,#1323,#746,.T.);
#1690=EDGE_CURVE('',#1323,#1324,#747,.T.);
#1691=EDGE_CURVE('',#1324,#1325,#155,.T.);
#1692=EDGE_CURVE('',#1325,#1326,#748,.T.);
#1693=EDGE_CURVE('',#1326,#1327,#749,.T.);
#1694=EDGE_CURVE('',#1327,#1306,#750,.T.);
#1695=EDGE_CURVE('',#1310,#1274,#751,.T.);
#1696=EDGE_CURVE('',#1328,#1329,#752,.T.);
#1697=EDGE_CURVE('',#1308,#1328,#753,.T.);
#1698=EDGE_CURVE('',#1307,#1329,#754,.T.);
#1699=EDGE_CURVE('',#1330,#1331,#755,.T.);
#1700=EDGE_CURVE('',#1332,#1330,#756,.T.);
#1701=EDGE_CURVE('',#1332,#1333,#757,.T.);
#1702=EDGE_CURVE('',#1333,#1334,#156,.T.);
#1703=EDGE_CURVE('',#1334,#1335,#758,.T.);
#1704=EDGE_CURVE('',#1335,#1331,#759,.T.);
#1705=EDGE_CURVE('',#1336,#1336,#157,.T.);
#1706=EDGE_CURVE('',#1272,#1336,#760,.T.);
#1707=EDGE_CURVE('',#1329,#1327,#761,.T.);
#1708=EDGE_CURVE('',#1326,#1332,#762,.T.);
#1709=EDGE_CURVE('',#1333,#1325,#763,.T.);
#1710=EDGE_CURVE('',#1334,#1324,#764,.T.);
#1711=EDGE_CURVE('',#1335,#1323,#765,.T.);
#1712=EDGE_CURVE('',#1331,#1322,#766,.T.);
#1713=EDGE_CURVE('',#1337,#1338,#767,.T.);
#1714=EDGE_CURVE('',#1321,#1337,#768,.T.);
#1715=EDGE_CURVE('',#1338,#1320,#769,.T.);
#1716=EDGE_CURVE('',#1338,#1339,#770,.T.);
#1717=EDGE_CURVE('',#1339,#1319,#771,.T.);
#1718=EDGE_CURVE('',#1339,#1340,#772,.T.);
#1719=EDGE_CURVE('',#1340,#1318,#773,.T.);
#1720=EDGE_CURVE('',#1337,#1340,#774,.T.);
#1721=EDGE_CURVE('',#1341,#1287,#775,.T.);
#1722=EDGE_CURVE('',#1341,#1330,#776,.T.);
#1723=EDGE_CURVE('',#1342,#1295,#777,.T.);
#1724=EDGE_CURVE('',#1157,#1342,#778,.T.);
#1725=EDGE_CURVE('',#1175,#1342,#158,.T.);
#1726=EDGE_CURVE('',#1289,#1312,#779,.T.);
#1727=EDGE_CURVE('',#1281,#1343,#780,.T.);
#1728=EDGE_CURVE('',#1343,#1313,#781,.T.);
#1729=EDGE_CURVE('',#1343,#1273,#782,.T.);
#1730=EDGE_CURVE('',#1309,#1311,#783,.T.);
#1731=EDGE_CURVE('',#1344,#1341,#784,.T.);
#1732=EDGE_CURVE('',#1344,#1328,#785,.T.);
#1733=EDGE_CURVE('',#1303,#1345,#786,.T.);
#1734=EDGE_CURVE('',#1345,#1345,#159,.T.);
#1735=EDGE_CURVE('',#1301,#1346,#787,.T.);
#1736=EDGE_CURVE('',#1346,#1346,#160,.T.);
#1737=EDGE_CURVE('',#1300,#1347,#788,.T.);
#1738=EDGE_CURVE('',#1347,#1347,#161,.T.);
#1739=EDGE_CURVE('',#1302,#1348,#789,.T.);
#1740=EDGE_CURVE('',#1348,#1348,#162,.T.);
#1741=EDGE_CURVE('',#1290,#1344,#790,.T.);
#1742=ORIENTED_EDGE('',*,*,#1349,.F.);
#1743=ORIENTED_EDGE('',*,*,#1350,.T.);
#1744=ORIENTED_EDGE('',*,*,#1351,.T.);
#1745=ORIENTED_EDGE('',*,*,#1352,.F.);
#1746=ORIENTED_EDGE('',*,*,#1353,.F.);
#1747=ORIENTED_EDGE('',*,*,#1354,.T.);
#1748=ORIENTED_EDGE('',*,*,#1355,.T.);
#1749=ORIENTED_EDGE('',*,*,#1350,.F.);
#1750=ORIENTED_EDGE('',*,*,#1356,.F.);
#1751=ORIENTED_EDGE('',*,*,#1357,.T.);
#1752=ORIENTED_EDGE('',*,*,#1358,.T.);
#1753=ORIENTED_EDGE('',*,*,#1354,.F.);
#1754=ORIENTED_EDGE('',*,*,#1359,.F.);
#1755=ORIENTED_EDGE('',*,*,#1360,.T.);
#1756=ORIENTED_EDGE('',*,*,#1361,.T.);
#1757=ORIENTED_EDGE('',*,*,#1357,.F.);
#1758=ORIENTED_EDGE('',*,*,#1362,.F.);
#1759=ORIENTED_EDGE('',*,*,#1363,.T.);
#1760=ORIENTED_EDGE('',*,*,#1364,.T.);
#1761=ORIENTED_EDGE('',*,*,#1360,.F.);
#1762=ORIENTED_EDGE('',*,*,#1365,.F.);
#1763=ORIENTED_EDGE('',*,*,#1352,.T.);
#1764=ORIENTED_EDGE('',*,*,#1366,.T.);
#1765=ORIENTED_EDGE('',*,*,#1363,.F.);
#1766=ORIENTED_EDGE('',*,*,#1366,.F.);
#1767=ORIENTED_EDGE('',*,*,#1351,.F.);
#1768=ORIENTED_EDGE('',*,*,#1355,.F.);
#1769=ORIENTED_EDGE('',*,*,#1358,.F.);
#1770=ORIENTED_EDGE('',*,*,#1361,.F.);
#1771=ORIENTED_EDGE('',*,*,#1364,.F.);
#1772=ORIENTED_EDGE('',*,*,#1367,.F.);
#1773=ORIENTED_EDGE('',*,*,#1368,.T.);
#1774=ORIENTED_EDGE('',*,*,#1369,.T.);
#1775=ORIENTED_EDGE('',*,*,#1370,.F.);
#1776=ORIENTED_EDGE('',*,*,#1371,.F.);
#1777=ORIENTED_EDGE('',*,*,#1372,.T.);
#1778=ORIENTED_EDGE('',*,*,#1373,.T.);
#1779=ORIENTED_EDGE('',*,*,#1368,.F.);
#1780=ORIENTED_EDGE('',*,*,#1374,.F.);
#1781=ORIENTED_EDGE('',*,*,#1375,.T.);
#1782=ORIENTED_EDGE('',*,*,#1376,.T.);
#1783=ORIENTED_EDGE('',*,*,#1372,.F.);
#1784=ORIENTED_EDGE('',*,*,#1377,.F.);
#1785=ORIENTED_EDGE('',*,*,#1378,.T.);
#1786=ORIENTED_EDGE('',*,*,#1379,.T.);
#1787=ORIENTED_EDGE('',*,*,#1375,.F.);
#1788=ORIENTED_EDGE('',*,*,#1380,.F.);
#1789=ORIENTED_EDGE('',*,*,#1381,.T.);
#1790=ORIENTED_EDGE('',*,*,#1382,.T.);
#1791=ORIENTED_EDGE('',*,*,#1378,.F.);
#1792=ORIENTED_EDGE('',*,*,#1383,.F.);
#1793=ORIENTED_EDGE('',*,*,#1384,.T.);
#1794=ORIENTED_EDGE('',*,*,#1385,.T.);
#1795=ORIENTED_EDGE('',*,*,#1381,.F.);
#1796=ORIENTED_EDGE('',*,*,#1386,.F.);
#1797=ORIENTED_EDGE('',*,*,#1387,.T.);
#1798=ORIENTED_EDGE('',*,*,#1388,.T.);
#1799=ORIENTED_EDGE('',*,*,#1384,.F.);
#1800=ORIENTED_EDGE('',*,*,#1389,.F.);
#1801=ORIENTED_EDGE('',*,*,#1390,.T.);
#1802=ORIENTED_EDGE('',*,*,#1391,.T.);
#1803=ORIENTED_EDGE('',*,*,#1387,.F.);
#1804=ORIENTED_EDGE('',*,*,#1392,.F.);
#1805=ORIENTED_EDGE('',*,*,#1370,.T.);
#1806=ORIENTED_EDGE('',*,*,#1393,.T.);
#1807=ORIENTED_EDGE('',*,*,#1390,.F.);
#1808=ORIENTED_EDGE('',*,*,#1393,.F.);
#1809=ORIENTED_EDGE('',*,*,#1369,.F.);
#1810=ORIENTED_EDGE('',*,*,#1373,.F.);
#1811=ORIENTED_EDGE('',*,*,#1376,.F.);
#1812=ORIENTED_EDGE('',*,*,#1379,.F.);
#1813=ORIENTED_EDGE('',*,*,#1382,.F.);
#1814=ORIENTED_EDGE('',*,*,#1385,.F.);
#1815=ORIENTED_EDGE('',*,*,#1388,.F.);
#1816=ORIENTED_EDGE('',*,*,#1391,.F.);
#1817=ORIENTED_EDGE('',*,*,#1394,.F.);
#1818=ORIENTED_EDGE('',*,*,#1395,.T.);
#1819=ORIENTED_EDGE('',*,*,#1396,.T.);
#1820=ORIENTED_EDGE('',*,*,#1397,.F.);
#1821=ORIENTED_EDGE('',*,*,#1398,.F.);
#1822=ORIENTED_EDGE('',*,*,#1399,.T.);
#1823=ORIENTED_EDGE('',*,*,#1400,.T.);
#1824=ORIENTED_EDGE('',*,*,#1395,.F.);
#1825=ORIENTED_EDGE('',*,*,#1401,.F.);
#1826=ORIENTED_EDGE('',*,*,#1402,.T.);
#1827=ORIENTED_EDGE('',*,*,#1403,.T.);
#1828=ORIENTED_EDGE('',*,*,#1399,.F.);
#1829=ORIENTED_EDGE('',*,*,#1404,.F.);
#1830=ORIENTED_EDGE('',*,*,#1397,.T.);
#1831=ORIENTED_EDGE('',*,*,#1405,.T.);
#1832=ORIENTED_EDGE('',*,*,#1402,.F.);
#1833=ORIENTED_EDGE('',*,*,#1405,.F.);
#1834=ORIENTED_EDGE('',*,*,#1396,.F.);
#1835=ORIENTED_EDGE('',*,*,#1400,.F.);
#1836=ORIENTED_EDGE('',*,*,#1403,.F.);
#1837=ORIENTED_EDGE('',*,*,#1406,.F.);
#1838=ORIENTED_EDGE('',*,*,#1407,.T.);
#1839=ORIENTED_EDGE('',*,*,#1408,.T.);
#1840=ORIENTED_EDGE('',*,*,#1409,.F.);
#1841=ORIENTED_EDGE('',*,*,#1410,.F.);
#1842=ORIENTED_EDGE('',*,*,#1411,.T.);
#1843=ORIENTED_EDGE('',*,*,#1412,.T.);
#1844=ORIENTED_EDGE('',*,*,#1407,.F.);
#1845=ORIENTED_EDGE('',*,*,#1413,.F.);
#1846=ORIENTED_EDGE('',*,*,#1409,.T.);
#1847=ORIENTED_EDGE('',*,*,#1414,.T.);
#1848=ORIENTED_EDGE('',*,*,#1411,.F.);
#1849=ORIENTED_EDGE('',*,*,#1414,.F.);
#1850=ORIENTED_EDGE('',*,*,#1408,.F.);
#1851=ORIENTED_EDGE('',*,*,#1412,.F.);
#1852=ORIENTED_EDGE('',*,*,#1415,.F.);
#1853=ORIENTED_EDGE('',*,*,#1416,.T.);
#1854=ORIENTED_EDGE('',*,*,#1417,.T.);
#1855=ORIENTED_EDGE('',*,*,#1418,.F.);
#1856=ORIENTED_EDGE('',*,*,#1419,.F.);
#1857=ORIENTED_EDGE('',*,*,#1420,.T.);
#1858=ORIENTED_EDGE('',*,*,#1421,.T.);
#1859=ORIENTED_EDGE('',*,*,#1416,.F.);
#1860=ORIENTED_EDGE('',*,*,#1422,.F.);
#1861=ORIENTED_EDGE('',*,*,#1423,.T.);
#1862=ORIENTED_EDGE('',*,*,#1424,.T.);
#1863=ORIENTED_EDGE('',*,*,#1420,.F.);
#1864=ORIENTED_EDGE('',*,*,#1425,.F.);
#1865=ORIENTED_EDGE('',*,*,#1418,.T.);
#1866=ORIENTED_EDGE('',*,*,#1426,.T.);
#1867=ORIENTED_EDGE('',*,*,#1423,.F.);
#1868=ORIENTED_EDGE('',*,*,#1426,.F.);
#1869=ORIENTED_EDGE('',*,*,#1417,.F.);
#1870=ORIENTED_EDGE('',*,*,#1421,.F.);
#1871=ORIENTED_EDGE('',*,*,#1424,.F.);
#1872=ORIENTED_EDGE('',*,*,#1427,.T.);
#1873=ORIENTED_EDGE('',*,*,#1428,.T.);
#1874=ORIENTED_EDGE('',*,*,#1429,.T.);
#1875=ORIENTED_EDGE('',*,*,#1430,.T.);
#1876=ORIENTED_EDGE('',*,*,#1428,.F.);
#1877=ORIENTED_EDGE('',*,*,#1431,.F.);
#1878=ORIENTED_EDGE('',*,*,#1432,.F.);
#1879=ORIENTED_EDGE('',*,*,#1433,.F.);
#1880=ORIENTED_EDGE('',*,*,#1434,.F.);
#1881=ORIENTED_EDGE('',*,*,#1435,.T.);
#1882=ORIENTED_EDGE('',*,*,#1436,.T.);
#1883=ORIENTED_EDGE('',*,*,#1437,.T.);
#1884=ORIENTED_EDGE('',*,*,#1438,.T.);
#1885=ORIENTED_EDGE('',*,*,#1434,.T.);
#1886=ORIENTED_EDGE('',*,*,#1437,.F.);
#1887=ORIENTED_EDGE('',*,*,#1439,.F.);
#1888=ORIENTED_EDGE('',*,*,#1440,.F.);
#1889=ORIENTED_EDGE('',*,*,#1441,.T.);
#1890=ORIENTED_EDGE('',*,*,#1442,.T.);
#1891=ORIENTED_EDGE('',*,*,#1443,.T.);
#1892=ORIENTED_EDGE('',*,*,#1444,.T.);
#1893=ORIENTED_EDGE('',*,*,#1440,.T.);
#1894=ORIENTED_EDGE('',*,*,#1443,.F.);
#1895=ORIENTED_EDGE('',*,*,#1445,.F.);
#1896=ORIENTED_EDGE('',*,*,#1446,.F.);
#1897=ORIENTED_EDGE('',*,*,#1447,.F.);
#1898=ORIENTED_EDGE('',*,*,#1448,.T.);
#1899=ORIENTED_EDGE('',*,*,#1449,.T.);
#1900=ORIENTED_EDGE('',*,*,#1450,.T.);
#1901=ORIENTED_EDGE('',*,*,#1451,.T.);
#1902=ORIENTED_EDGE('',*,*,#1452,.T.);
#1903=ORIENTED_EDGE('',*,*,#1450,.F.);
#1904=ORIENTED_EDGE('',*,*,#1453,.F.);
#1905=ORIENTED_EDGE('',*,*,#1454,.F.);
#1906=ORIENTED_EDGE('',*,*,#1455,.F.);
#1907=ORIENTED_EDGE('',*,*,#1456,.F.);
#1908=ORIENTED_EDGE('',*,*,#1457,.T.);
#1909=ORIENTED_EDGE('',*,*,#1458,.T.);
#1910=ORIENTED_EDGE('',*,*,#1459,.T.);
#1911=ORIENTED_EDGE('',*,*,#1460,.T.);
#1912=ORIENTED_EDGE('',*,*,#1461,.F.);
#1913=ORIENTED_EDGE('',*,*,#1452,.F.);
#1914=ORIENTED_EDGE('',*,*,#1462,.T.);
#1915=ORIENTED_EDGE('',*,*,#1459,.F.);
#1916=ORIENTED_EDGE('',*,*,#1463,.F.);
#1917=ORIENTED_EDGE('',*,*,#1464,.F.);
#1918=ORIENTED_EDGE('',*,*,#1465,.F.);
#1919=ORIENTED_EDGE('',*,*,#1466,.T.);
#1920=ORIENTED_EDGE('',*,*,#1467,.T.);
#1921=ORIENTED_EDGE('',*,*,#1468,.T.);
#1922=ORIENTED_EDGE('',*,*,#1469,.T.);
#1923=ORIENTED_EDGE('',*,*,#1461,.T.);
#1924=ORIENTED_EDGE('',*,*,#1470,.F.);
#1925=ORIENTED_EDGE('',*,*,#1467,.F.);
#1926=ORIENTED_EDGE('',*,*,#1471,.F.);
#1927=ORIENTED_EDGE('',*,*,#1472,.F.);
#1928=ORIENTED_EDGE('',*,*,#1473,.F.);
#1929=ORIENTED_EDGE('',*,*,#1474,.F.);
#1930=ORIENTED_EDGE('',*,*,#1475,.T.);
#1931=ORIENTED_EDGE('',*,*,#1476,.T.);
#1932=ORIENTED_EDGE('',*,*,#1477,.F.);
#1933=ORIENTED_EDGE('',*,*,#1478,.F.);
#1934=ORIENTED_EDGE('',*,*,#1479,.T.);
#1935=ORIENTED_EDGE('',*,*,#1480,.T.);
#1936=ORIENTED_EDGE('',*,*,#1475,.F.);
#1937=ORIENTED_EDGE('',*,*,#1481,.F.);
#1938=ORIENTED_EDGE('',*,*,#1482,.T.);
#1939=ORIENTED_EDGE('',*,*,#1483,.T.);
#1940=ORIENTED_EDGE('',*,*,#1479,.F.);
#1941=ORIENTED_EDGE('',*,*,#1484,.F.);
#1942=ORIENTED_EDGE('',*,*,#1485,.T.);
#1943=ORIENTED_EDGE('',*,*,#1486,.T.);
#1944=ORIENTED_EDGE('',*,*,#1482,.F.);
#1945=ORIENTED_EDGE('',*,*,#1487,.F.);
#1946=ORIENTED_EDGE('',*,*,#1488,.T.);
#1947=ORIENTED_EDGE('',*,*,#1489,.T.);
#1948=ORIENTED_EDGE('',*,*,#1485,.F.);
#1949=ORIENTED_EDGE('',*,*,#1490,.F.);
#1950=ORIENTED_EDGE('',*,*,#1491,.T.);
#1951=ORIENTED_EDGE('',*,*,#1492,.T.);
#1952=ORIENTED_EDGE('',*,*,#1488,.F.);
#1953=ORIENTED_EDGE('',*,*,#1493,.F.);
#1954=ORIENTED_EDGE('',*,*,#1494,.T.);
#1955=ORIENTED_EDGE('',*,*,#1495,.T.);
#1956=ORIENTED_EDGE('',*,*,#1491,.F.);
#1957=ORIENTED_EDGE('',*,*,#1496,.F.);
#1958=ORIENTED_EDGE('',*,*,#1477,.T.);
#1959=ORIENTED_EDGE('',*,*,#1497,.T.);
#1960=ORIENTED_EDGE('',*,*,#1494,.F.);
#1961=ORIENTED_EDGE('',*,*,#1497,.F.);
#1962=ORIENTED_EDGE('',*,*,#1476,.F.);
#1963=ORIENTED_EDGE('',*,*,#1480,.F.);
#1964=ORIENTED_EDGE('',*,*,#1483,.F.);
#1965=ORIENTED_EDGE('',*,*,#1486,.F.);
#1966=ORIENTED_EDGE('',*,*,#1489,.F.);
#1967=ORIENTED_EDGE('',*,*,#1492,.F.);
#1968=ORIENTED_EDGE('',*,*,#1495,.F.);
#1969=ORIENTED_EDGE('',*,*,#1498,.F.);
#1970=ORIENTED_EDGE('',*,*,#1499,.T.);
#1971=ORIENTED_EDGE('',*,*,#1500,.T.);
#1972=ORIENTED_EDGE('',*,*,#1501,.F.);
#1973=ORIENTED_EDGE('',*,*,#1502,.F.);
#1974=ORIENTED_EDGE('',*,*,#1503,.T.);
#1975=ORIENTED_EDGE('',*,*,#1504,.T.);
#1976=ORIENTED_EDGE('',*,*,#1499,.F.);
#1977=ORIENTED_EDGE('',*,*,#1505,.F.);
#1978=ORIENTED_EDGE('',*,*,#1506,.T.);
#1979=ORIENTED_EDGE('',*,*,#1507,.T.);
#1980=ORIENTED_EDGE('',*,*,#1503,.F.);
#1981=ORIENTED_EDGE('',*,*,#1508,.F.);
#1982=ORIENTED_EDGE('',*,*,#1509,.T.);
#1983=ORIENTED_EDGE('',*,*,#1510,.T.);
#1984=ORIENTED_EDGE('',*,*,#1506,.F.);
#1985=ORIENTED_EDGE('',*,*,#1511,.F.);
#1986=ORIENTED_EDGE('',*,*,#1512,.T.);
#1987=ORIENTED_EDGE('',*,*,#1513,.T.);
#1988=ORIENTED_EDGE('',*,*,#1509,.F.);
#1989=ORIENTED_EDGE('',*,*,#1514,.F.);
#1990=ORIENTED_EDGE('',*,*,#1515,.T.);
#1991=ORIENTED_EDGE('',*,*,#1516,.T.);
#1992=ORIENTED_EDGE('',*,*,#1512,.F.);
#1993=ORIENTED_EDGE('',*,*,#1517,.F.);
#1994=ORIENTED_EDGE('',*,*,#1518,.T.);
#1995=ORIENTED_EDGE('',*,*,#1519,.T.);
#1996=ORIENTED_EDGE('',*,*,#1515,.F.);
#1997=ORIENTED_EDGE('',*,*,#1520,.F.);
#1998=ORIENTED_EDGE('',*,*,#1501,.T.);
#1999=ORIENTED_EDGE('',*,*,#1521,.T.);
#2000=ORIENTED_EDGE('',*,*,#1518,.F.);
#2001=ORIENTED_EDGE('',*,*,#1522,.F.);
#2002=ORIENTED_EDGE('',*,*,#1523,.T.);
#2003=ORIENTED_EDGE('',*,*,#1524,.T.);
#2004=ORIENTED_EDGE('',*,*,#1525,.F.);
#2005=ORIENTED_EDGE('',*,*,#1526,.F.);
#2006=ORIENTED_EDGE('',*,*,#1527,.T.);
#2007=ORIENTED_EDGE('',*,*,#1528,.T.);
#2008=ORIENTED_EDGE('',*,*,#1523,.F.);
#2009=ORIENTED_EDGE('',*,*,#1529,.F.);
#2010=ORIENTED_EDGE('',*,*,#1530,.T.);
#2011=ORIENTED_EDGE('',*,*,#1531,.T.);
#2012=ORIENTED_EDGE('',*,*,#1527,.F.);
#2013=ORIENTED_EDGE('',*,*,#1532,.F.);
#2014=ORIENTED_EDGE('',*,*,#1533,.T.);
#2015=ORIENTED_EDGE('',*,*,#1534,.T.);
#2016=ORIENTED_EDGE('',*,*,#1530,.F.);
#2017=ORIENTED_EDGE('',*,*,#1535,.F.);
#2018=ORIENTED_EDGE('',*,*,#1536,.T.);
#2019=ORIENTED_EDGE('',*,*,#1537,.T.);
#2020=ORIENTED_EDGE('',*,*,#1533,.F.);
#2021=ORIENTED_EDGE('',*,*,#1538,.F.);
#2022=ORIENTED_EDGE('',*,*,#1539,.T.);
#2023=ORIENTED_EDGE('',*,*,#1540,.T.);
#2024=ORIENTED_EDGE('',*,*,#1536,.F.);
#2025=ORIENTED_EDGE('',*,*,#1541,.F.);
#2026=ORIENTED_EDGE('',*,*,#1542,.T.);
#2027=ORIENTED_EDGE('',*,*,#1543,.T.);
#2028=ORIENTED_EDGE('',*,*,#1539,.F.);
#2029=ORIENTED_EDGE('',*,*,#1544,.F.);
#2030=ORIENTED_EDGE('',*,*,#1545,.T.);
#2031=ORIENTED_EDGE('',*,*,#1546,.T.);
#2032=ORIENTED_EDGE('',*,*,#1542,.F.);
#2033=ORIENTED_EDGE('',*,*,#1547,.F.);
#2034=ORIENTED_EDGE('',*,*,#1525,.T.);
#2035=ORIENTED_EDGE('',*,*,#1548,.T.);
#2036=ORIENTED_EDGE('',*,*,#1545,.F.);
#2037=ORIENTED_EDGE('',*,*,#1548,.F.);
#2038=ORIENTED_EDGE('',*,*,#1524,.F.);
#2039=ORIENTED_EDGE('',*,*,#1528,.F.);
#2040=ORIENTED_EDGE('',*,*,#1531,.F.);
#2041=ORIENTED_EDGE('',*,*,#1534,.F.);
#2042=ORIENTED_EDGE('',*,*,#1537,.F.);
#2043=ORIENTED_EDGE('',*,*,#1540,.F.);
#2044=ORIENTED_EDGE('',*,*,#1543,.F.);
#2045=ORIENTED_EDGE('',*,*,#1546,.F.);
#2046=ORIENTED_EDGE('',*,*,#1521,.F.);
#2047=ORIENTED_EDGE('',*,*,#1500,.F.);
#2048=ORIENTED_EDGE('',*,*,#1504,.F.);
#2049=ORIENTED_EDGE('',*,*,#1507,.F.);
#2050=ORIENTED_EDGE('',*,*,#1510,.F.);
#2051=ORIENTED_EDGE('',*,*,#1513,.F.);
#2052=ORIENTED_EDGE('',*,*,#1516,.F.);
#2053=ORIENTED_EDGE('',*,*,#1519,.F.);
#2054=ORIENTED_EDGE('',*,*,#1549,.F.);
#2055=ORIENTED_EDGE('',*,*,#1550,.T.);
#2056=ORIENTED_EDGE('',*,*,#1551,.T.);
#2057=ORIENTED_EDGE('',*,*,#1552,.F.);
#2058=ORIENTED_EDGE('',*,*,#1553,.F.);
#2059=ORIENTED_EDGE('',*,*,#1554,.T.);
#2060=ORIENTED_EDGE('',*,*,#1555,.T.);
#2061=ORIENTED_EDGE('',*,*,#1550,.F.);
#2062=ORIENTED_EDGE('',*,*,#1556,.F.);
#2063=ORIENTED_EDGE('',*,*,#1557,.T.);
#2064=ORIENTED_EDGE('',*,*,#1558,.T.);
#2065=ORIENTED_EDGE('',*,*,#1554,.F.);
#2066=ORIENTED_EDGE('',*,*,#1559,.F.);
#2067=ORIENTED_EDGE('',*,*,#1560,.T.);
#2068=ORIENTED_EDGE('',*,*,#1561,.T.);
#2069=ORIENTED_EDGE('',*,*,#1557,.F.);
#2070=ORIENTED_EDGE('',*,*,#1562,.F.);
#2071=ORIENTED_EDGE('',*,*,#1563,.T.);
#2072=ORIENTED_EDGE('',*,*,#1564,.T.);
#2073=ORIENTED_EDGE('',*,*,#1560,.F.);
#2074=ORIENTED_EDGE('',*,*,#1565,.F.);
#2075=ORIENTED_EDGE('',*,*,#1566,.T.);
#2076=ORIENTED_EDGE('',*,*,#1567,.T.);
#2077=ORIENTED_EDGE('',*,*,#1563,.F.);
#2078=ORIENTED_EDGE('',*,*,#1568,.F.);
#2079=ORIENTED_EDGE('',*,*,#1569,.T.);
#2080=ORIENTED_EDGE('',*,*,#1570,.T.);
#2081=ORIENTED_EDGE('',*,*,#1566,.F.);
#2082=ORIENTED_EDGE('',*,*,#1571,.F.);
#2083=ORIENTED_EDGE('',*,*,#1572,.T.);
#2084=ORIENTED_EDGE('',*,*,#1573,.T.);
#2085=ORIENTED_EDGE('',*,*,#1569,.F.);
#2086=ORIENTED_EDGE('',*,*,#1574,.F.);
#2087=ORIENTED_EDGE('',*,*,#1575,.T.);
#2088=ORIENTED_EDGE('',*,*,#1576,.T.);
#2089=ORIENTED_EDGE('',*,*,#1572,.F.);
#2090=ORIENTED_EDGE('',*,*,#1577,.F.);
#2091=ORIENTED_EDGE('',*,*,#1578,.T.);
#2092=ORIENTED_EDGE('',*,*,#1579,.T.);
#2093=ORIENTED_EDGE('',*,*,#1575,.F.);
#2094=ORIENTED_EDGE('',*,*,#1580,.F.);
#2095=ORIENTED_EDGE('',*,*,#1581,.T.);
#2096=ORIENTED_EDGE('',*,*,#1582,.T.);
#2097=ORIENTED_EDGE('',*,*,#1578,.F.);
#2098=ORIENTED_EDGE('',*,*,#1583,.F.);
#2099=ORIENTED_EDGE('',*,*,#1584,.T.);
#2100=ORIENTED_EDGE('',*,*,#1585,.T.);
#2101=ORIENTED_EDGE('',*,*,#1581,.F.);
#2102=ORIENTED_EDGE('',*,*,#1586,.F.);
#2103=ORIENTED_EDGE('',*,*,#1587,.T.);
#2104=ORIENTED_EDGE('',*,*,#1588,.T.);
#2105=ORIENTED_EDGE('',*,*,#1584,.F.);
#2106=ORIENTED_EDGE('',*,*,#1589,.F.);
#2107=ORIENTED_EDGE('',*,*,#1590,.T.);
#2108=ORIENTED_EDGE('',*,*,#1591,.T.);
#2109=ORIENTED_EDGE('',*,*,#1587,.F.);
#2110=ORIENTED_EDGE('',*,*,#1592,.F.);
#2111=ORIENTED_EDGE('',*,*,#1593,.T.);
#2112=ORIENTED_EDGE('',*,*,#1594,.T.);
#2113=ORIENTED_EDGE('',*,*,#1590,.F.);
#2114=ORIENTED_EDGE('',*,*,#1595,.F.);
#2115=ORIENTED_EDGE('',*,*,#1596,.T.);
#2116=ORIENTED_EDGE('',*,*,#1597,.T.);
#2117=ORIENTED_EDGE('',*,*,#1593,.F.);
#2118=ORIENTED_EDGE('',*,*,#1598,.F.);
#2119=ORIENTED_EDGE('',*,*,#1599,.T.);
#2120=ORIENTED_EDGE('',*,*,#1600,.T.);
#2121=ORIENTED_EDGE('',*,*,#1596,.F.);
#2122=ORIENTED_EDGE('',*,*,#1601,.F.);
#2123=ORIENTED_EDGE('',*,*,#1552,.T.);
#2124=ORIENTED_EDGE('',*,*,#1602,.T.);
#2125=ORIENTED_EDGE('',*,*,#1599,.F.);
#2126=ORIENTED_EDGE('',*,*,#1602,.F.);
#2127=ORIENTED_EDGE('',*,*,#1551,.F.);
#2128=ORIENTED_EDGE('',*,*,#1555,.F.);
#2129=ORIENTED_EDGE('',*,*,#1558,.F.);
#2130=ORIENTED_EDGE('',*,*,#1561,.F.);
#2131=ORIENTED_EDGE('',*,*,#1564,.F.);
#2132=ORIENTED_EDGE('',*,*,#1567,.F.);
#2133=ORIENTED_EDGE('',*,*,#1570,.F.);
#2134=ORIENTED_EDGE('',*,*,#1573,.F.);
#2135=ORIENTED_EDGE('',*,*,#1576,.F.);
#2136=ORIENTED_EDGE('',*,*,#1579,.F.);
#2137=ORIENTED_EDGE('',*,*,#1582,.F.);
#2138=ORIENTED_EDGE('',*,*,#1585,.F.);
#2139=ORIENTED_EDGE('',*,*,#1588,.F.);
#2140=ORIENTED_EDGE('',*,*,#1591,.F.);
#2141=ORIENTED_EDGE('',*,*,#1594,.F.);
#2142=ORIENTED_EDGE('',*,*,#1597,.F.);
#2143=ORIENTED_EDGE('',*,*,#1600,.F.);
#2144=ORIENTED_EDGE('',*,*,#1603,.F.);
#2145=ORIENTED_EDGE('',*,*,#1604,.T.);
#2146=ORIENTED_EDGE('',*,*,#1605,.T.);
#2147=ORIENTED_EDGE('',*,*,#1606,.F.);
#2148=ORIENTED_EDGE('',*,*,#1607,.F.);
#2149=ORIENTED_EDGE('',*,*,#1608,.T.);
#2150=ORIENTED_EDGE('',*,*,#1609,.T.);
#2151=ORIENTED_EDGE('',*,*,#1604,.F.);
#2152=ORIENTED_EDGE('',*,*,#1610,.F.);
#2153=ORIENTED_EDGE('',*,*,#1611,.T.);
#2154=ORIENTED_EDGE('',*,*,#1612,.T.);
#2155=ORIENTED_EDGE('',*,*,#1608,.F.);
#2156=ORIENTED_EDGE('',*,*,#1613,.F.);
#2157=ORIENTED_EDGE('',*,*,#1606,.T.);
#2158=ORIENTED_EDGE('',*,*,#1614,.T.);
#2159=ORIENTED_EDGE('',*,*,#1611,.F.);
#2160=ORIENTED_EDGE('',*,*,#1614,.F.);
#2161=ORIENTED_EDGE('',*,*,#1605,.F.);
#2162=ORIENTED_EDGE('',*,*,#1609,.F.);
#2163=ORIENTED_EDGE('',*,*,#1612,.F.);
#2164=ORIENTED_EDGE('',*,*,#1498,.T.);
#2165=ORIENTED_EDGE('',*,*,#1520,.T.);
#2166=ORIENTED_EDGE('',*,*,#1517,.T.);
#2167=ORIENTED_EDGE('',*,*,#1514,.T.);
#2168=ORIENTED_EDGE('',*,*,#1511,.T.);
#2169=ORIENTED_EDGE('',*,*,#1508,.T.);
#2170=ORIENTED_EDGE('',*,*,#1505,.T.);
#2171=ORIENTED_EDGE('',*,*,#1502,.T.);
#2172=ORIENTED_EDGE('',*,*,#1615,.F.);
#2173=ORIENTED_EDGE('',*,*,#1616,.F.);
#2174=ORIENTED_EDGE('',*,*,#1617,.F.);
#2175=ORIENTED_EDGE('',*,*,#1618,.F.);
#2176=ORIENTED_EDGE('',*,*,#1619,.F.);
#2177=ORIENTED_EDGE('',*,*,#1620,.F.);
#2178=ORIENTED_EDGE('',*,*,#1618,.T.);
#2179=ORIENTED_EDGE('',*,*,#1621,.F.);
#2180=ORIENTED_EDGE('',*,*,#1622,.F.);
#2181=ORIENTED_EDGE('',*,*,#1623,.F.);
#2182=ORIENTED_EDGE('',*,*,#1624,.T.);
#2183=ORIENTED_EDGE('',*,*,#1621,.T.);
#2184=ORIENTED_EDGE('',*,*,#1617,.T.);
#2185=ORIENTED_EDGE('',*,*,#1625,.F.);
#2186=ORIENTED_EDGE('',*,*,#1623,.T.);
#2187=ORIENTED_EDGE('',*,*,#1626,.F.);
#2188=ORIENTED_EDGE('',*,*,#1627,.F.);
#2189=ORIENTED_EDGE('',*,*,#1628,.T.);
#2190=ORIENTED_EDGE('',*,*,#1629,.T.);
#2191=ORIENTED_EDGE('',*,*,#1453,.T.);
#2192=ORIENTED_EDGE('',*,*,#1449,.F.);
#2193=ORIENTED_EDGE('',*,*,#1465,.T.);
#2194=ORIENTED_EDGE('',*,*,#1630,.T.);
#2195=ORIENTED_EDGE('',*,*,#1629,.F.);
#2196=ORIENTED_EDGE('',*,*,#1631,.F.);
#2197=ORIENTED_EDGE('',*,*,#1632,.F.);
#2198=ORIENTED_EDGE('',*,*,#1633,.F.);
#2199=ORIENTED_EDGE('',*,*,#1634,.F.);
#2200=ORIENTED_EDGE('',*,*,#1635,.T.);
#2201=ORIENTED_EDGE('',*,*,#1636,.F.);
#2202=ORIENTED_EDGE('',*,*,#1622,.T.);
#2203=ORIENTED_EDGE('',*,*,#1624,.F.);
#2204=ORIENTED_EDGE('',*,*,#1628,.F.);
#2205=ORIENTED_EDGE('',*,*,#1637,.F.);
#2206=ORIENTED_EDGE('',*,*,#1638,.F.);
#2207=ORIENTED_EDGE('',*,*,#1639,.F.);
#2208=ORIENTED_EDGE('',*,*,#1454,.T.);
#2209=ORIENTED_EDGE('',*,*,#1630,.F.);
#2210=ORIENTED_EDGE('',*,*,#1464,.T.);
#2211=ORIENTED_EDGE('',*,*,#1640,.F.);
#2212=ORIENTED_EDGE('',*,*,#1641,.F.);
#2213=ORIENTED_EDGE('',*,*,#1642,.F.);
#2214=ORIENTED_EDGE('',*,*,#1643,.F.);
#2215=ORIENTED_EDGE('',*,*,#1644,.T.);
#2216=ORIENTED_EDGE('',*,*,#1645,.T.);
#2217=ORIENTED_EDGE('',*,*,#1446,.T.);
#2218=ORIENTED_EDGE('',*,*,#1646,.F.);
#2219=ORIENTED_EDGE('',*,*,#1432,.T.);
#2220=ORIENTED_EDGE('',*,*,#1647,.F.);
#2221=ORIENTED_EDGE('',*,*,#1631,.T.);
#2222=ORIENTED_EDGE('',*,*,#1474,.T.);
#2223=ORIENTED_EDGE('',*,*,#1496,.T.);
#2224=ORIENTED_EDGE('',*,*,#1493,.T.);
#2225=ORIENTED_EDGE('',*,*,#1490,.T.);
#2226=ORIENTED_EDGE('',*,*,#1487,.T.);
#2227=ORIENTED_EDGE('',*,*,#1484,.T.);
#2228=ORIENTED_EDGE('',*,*,#1481,.T.);
#2229=ORIENTED_EDGE('',*,*,#1478,.T.);
#2230=ORIENTED_EDGE('',*,*,#1522,.T.);
#2231=ORIENTED_EDGE('',*,*,#1547,.T.);
#2232=ORIENTED_EDGE('',*,*,#1544,.T.);
#2233=ORIENTED_EDGE('',*,*,#1541,.T.);
#2234=ORIENTED_EDGE('',*,*,#1538,.T.);
#2235=ORIENTED_EDGE('',*,*,#1535,.T.);
#2236=ORIENTED_EDGE('',*,*,#1532,.T.);
#2237=ORIENTED_EDGE('',*,*,#1529,.T.);
#2238=ORIENTED_EDGE('',*,*,#1526,.T.);
#2239=ORIENTED_EDGE('',*,*,#1549,.T.);
#2240=ORIENTED_EDGE('',*,*,#1601,.T.);
#2241=ORIENTED_EDGE('',*,*,#1598,.T.);
#2242=ORIENTED_EDGE('',*,*,#1595,.T.);
#2243=ORIENTED_EDGE('',*,*,#1592,.T.);
#2244=ORIENTED_EDGE('',*,*,#1589,.T.);
#2245=ORIENTED_EDGE('',*,*,#1586,.T.);
#2246=ORIENTED_EDGE('',*,*,#1583,.T.);
#2247=ORIENTED_EDGE('',*,*,#1580,.T.);
#2248=ORIENTED_EDGE('',*,*,#1577,.T.);
#2249=ORIENTED_EDGE('',*,*,#1574,.T.);
#2250=ORIENTED_EDGE('',*,*,#1571,.T.);
#2251=ORIENTED_EDGE('',*,*,#1568,.T.);
#2252=ORIENTED_EDGE('',*,*,#1565,.T.);
#2253=ORIENTED_EDGE('',*,*,#1562,.T.);
#2254=ORIENTED_EDGE('',*,*,#1559,.T.);
#2255=ORIENTED_EDGE('',*,*,#1556,.T.);
#2256=ORIENTED_EDGE('',*,*,#1553,.T.);
#2257=ORIENTED_EDGE('',*,*,#1603,.T.);
#2258=ORIENTED_EDGE('',*,*,#1613,.T.);
#2259=ORIENTED_EDGE('',*,*,#1610,.T.);
#2260=ORIENTED_EDGE('',*,*,#1607,.T.);
#2261=ORIENTED_EDGE('',*,*,#1648,.T.);
#2262=ORIENTED_EDGE('',*,*,#1649,.T.);
#2263=ORIENTED_EDGE('',*,*,#1650,.T.);
#2264=ORIENTED_EDGE('',*,*,#1651,.T.);
#2265=ORIENTED_EDGE('',*,*,#1652,.T.);
#2266=ORIENTED_EDGE('',*,*,#1653,.T.);
#2267=ORIENTED_EDGE('',*,*,#1654,.T.);
#2268=ORIENTED_EDGE('',*,*,#1655,.T.);
#2269=ORIENTED_EDGE('',*,*,#1415,.T.);
#2270=ORIENTED_EDGE('',*,*,#1425,.T.);
#2271=ORIENTED_EDGE('',*,*,#1422,.T.);
#2272=ORIENTED_EDGE('',*,*,#1419,.T.);
#2273=ORIENTED_EDGE('',*,*,#1406,.T.);
#2274=ORIENTED_EDGE('',*,*,#1413,.T.);
#2275=ORIENTED_EDGE('',*,*,#1410,.T.);
#2276=ORIENTED_EDGE('',*,*,#1394,.T.);
#2277=ORIENTED_EDGE('',*,*,#1404,.T.);
#2278=ORIENTED_EDGE('',*,*,#1401,.T.);
#2279=ORIENTED_EDGE('',*,*,#1398,.T.);
#2280=ORIENTED_EDGE('',*,*,#1367,.T.);
#2281=ORIENTED_EDGE('',*,*,#1392,.T.);
#2282=ORIENTED_EDGE('',*,*,#1389,.T.);
#2283=ORIENTED_EDGE('',*,*,#1386,.T.);
#2284=ORIENTED_EDGE('',*,*,#1383,.T.);
#2285=ORIENTED_EDGE('',*,*,#1380,.T.);
#2286=ORIENTED_EDGE('',*,*,#1377,.T.);
#2287=ORIENTED_EDGE('',*,*,#1374,.T.);
#2288=ORIENTED_EDGE('',*,*,#1371,.T.);
#2289=ORIENTED_EDGE('',*,*,#1349,.T.);
#2290=ORIENTED_EDGE('',*,*,#1365,.T.);
#2291=ORIENTED_EDGE('',*,*,#1362,.T.);
#2292=ORIENTED_EDGE('',*,*,#1359,.T.);
#2293=ORIENTED_EDGE('',*,*,#1356,.T.);
#2294=ORIENTED_EDGE('',*,*,#1353,.T.);
#2295=ORIENTED_EDGE('',*,*,#1445,.T.);
#2296=ORIENTED_EDGE('',*,*,#1442,.F.);
#2297=ORIENTED_EDGE('',*,*,#1439,.T.);
#2298=ORIENTED_EDGE('',*,*,#1436,.F.);
#2299=ORIENTED_EDGE('',*,*,#1433,.T.);
#2300=ORIENTED_EDGE('',*,*,#1646,.T.);
#2301=ORIENTED_EDGE('',*,*,#1632,.T.);
#2302=ORIENTED_EDGE('',*,*,#1647,.T.);
#2303=ORIENTED_EDGE('',*,*,#1431,.T.);
#2304=ORIENTED_EDGE('',*,*,#1427,.F.);
#2305=ORIENTED_EDGE('',*,*,#1656,.T.);
#2306=ORIENTED_EDGE('',*,*,#1430,.F.);
#2307=ORIENTED_EDGE('',*,*,#1657,.F.);
#2308=ORIENTED_EDGE('',*,*,#1633,.T.);
#2309=ORIENTED_EDGE('',*,*,#1656,.F.);
#2310=ORIENTED_EDGE('',*,*,#1471,.T.);
#2311=ORIENTED_EDGE('',*,*,#1466,.F.);
#2312=ORIENTED_EDGE('',*,*,#1658,.T.);
#2313=ORIENTED_EDGE('',*,*,#1643,.T.);
#2314=ORIENTED_EDGE('',*,*,#1659,.T.);
#2315=ORIENTED_EDGE('',*,*,#1660,.T.);
#2316=ORIENTED_EDGE('',*,*,#1659,.F.);
#2317=ORIENTED_EDGE('',*,*,#1642,.T.);
#2318=ORIENTED_EDGE('',*,*,#1661,.T.);
#2319=ORIENTED_EDGE('',*,*,#1662,.T.);
#2320=ORIENTED_EDGE('',*,*,#1661,.F.);
#2321=ORIENTED_EDGE('',*,*,#1641,.T.);
#2322=ORIENTED_EDGE('',*,*,#1663,.T.);
#2323=ORIENTED_EDGE('',*,*,#1640,.T.);
#2324=ORIENTED_EDGE('',*,*,#1463,.T.);
#2325=ORIENTED_EDGE('',*,*,#1458,.F.);
#2326=ORIENTED_EDGE('',*,*,#1664,.T.);
#2327=ORIENTED_EDGE('',*,*,#1663,.F.);
#2328=ORIENTED_EDGE('',*,*,#1660,.F.);
#2329=ORIENTED_EDGE('',*,*,#1665,.F.);
#2330=ORIENTED_EDGE('',*,*,#1666,.F.);
#2331=ORIENTED_EDGE('',*,*,#1667,.F.);
#2332=ORIENTED_EDGE('',*,*,#1668,.F.);
#2333=ORIENTED_EDGE('',*,*,#1669,.T.);
#2334=ORIENTED_EDGE('',*,*,#1472,.T.);
#2335=ORIENTED_EDGE('',*,*,#1662,.F.);
#2336=ORIENTED_EDGE('',*,*,#1670,.F.);
#2337=ORIENTED_EDGE('',*,*,#1671,.F.);
#2338=ORIENTED_EDGE('',*,*,#1665,.T.);
#2339=ORIENTED_EDGE('',*,*,#1457,.F.);
#2340=ORIENTED_EDGE('',*,*,#1672,.T.);
#2341=ORIENTED_EDGE('',*,*,#1673,.T.);
#2342=ORIENTED_EDGE('',*,*,#1674,.F.);
#2343=ORIENTED_EDGE('',*,*,#1675,.T.);
#2344=ORIENTED_EDGE('',*,*,#1670,.T.);
#2345=ORIENTED_EDGE('',*,*,#1664,.F.);
#2346=ORIENTED_EDGE('',*,*,#1676,.F.);
#2347=ORIENTED_EDGE('',*,*,#1677,.T.);
#2348=ORIENTED_EDGE('',*,*,#1651,.F.);
#2349=ORIENTED_EDGE('',*,*,#1678,.F.);
#2350=ORIENTED_EDGE('',*,*,#1679,.F.);
#2351=ORIENTED_EDGE('',*,*,#1678,.T.);
#2352=ORIENTED_EDGE('',*,*,#1650,.F.);
#2353=ORIENTED_EDGE('',*,*,#1680,.F.);
#2354=ORIENTED_EDGE('',*,*,#1681,.F.);
#2355=ORIENTED_EDGE('',*,*,#1680,.T.);
#2356=ORIENTED_EDGE('',*,*,#1649,.F.);
#2357=ORIENTED_EDGE('',*,*,#1682,.F.);
#2358=ORIENTED_EDGE('',*,*,#1683,.F.);
#2359=ORIENTED_EDGE('',*,*,#1682,.T.);
#2360=ORIENTED_EDGE('',*,*,#1648,.F.);
#2361=ORIENTED_EDGE('',*,*,#1677,.F.);
#2362=ORIENTED_EDGE('',*,*,#1620,.T.);
#2363=ORIENTED_EDGE('',*,*,#1636,.T.);
#2364=ORIENTED_EDGE('',*,*,#1684,.T.);
#2365=ORIENTED_EDGE('',*,*,#1685,.T.);
#2366=ORIENTED_EDGE('',*,*,#1686,.T.);
#2367=ORIENTED_EDGE('',*,*,#1687,.T.);
#2368=ORIENTED_EDGE('',*,*,#1688,.T.);
#2369=ORIENTED_EDGE('',*,*,#1689,.T.);
#2370=ORIENTED_EDGE('',*,*,#1690,.T.);
#2371=ORIENTED_EDGE('',*,*,#1691,.T.);
#2372=ORIENTED_EDGE('',*,*,#1692,.T.);
#2373=ORIENTED_EDGE('',*,*,#1693,.T.);
#2374=ORIENTED_EDGE('',*,*,#1694,.T.);
#2375=ORIENTED_EDGE('',*,*,#1671,.T.);
#2376=ORIENTED_EDGE('',*,*,#1695,.T.);
#2377=ORIENTED_EDGE('',*,*,#1619,.T.);
#2378=ORIENTED_EDGE('',*,*,#1683,.T.);
#2379=ORIENTED_EDGE('',*,*,#1676,.T.);
#2380=ORIENTED_EDGE('',*,*,#1679,.T.);
#2381=ORIENTED_EDGE('',*,*,#1681,.T.);
#2382=ORIENTED_EDGE('',*,*,#1696,.F.);
#2383=ORIENTED_EDGE('',*,*,#1697,.F.);
#2384=ORIENTED_EDGE('',*,*,#1667,.T.);
#2385=ORIENTED_EDGE('',*,*,#1698,.T.);
#2386=ORIENTED_EDGE('',*,*,#1699,.F.);
#2387=ORIENTED_EDGE('',*,*,#1700,.F.);
#2388=ORIENTED_EDGE('',*,*,#1701,.T.);
#2389=ORIENTED_EDGE('',*,*,#1702,.T.);
#2390=ORIENTED_EDGE('',*,*,#1703,.T.);
#2391=ORIENTED_EDGE('',*,*,#1704,.T.);
#2392=ORIENTED_EDGE('',*,*,#1705,.T.);
#2393=ORIENTED_EDGE('',*,*,#1615,.T.);
#2394=ORIENTED_EDGE('',*,*,#1706,.T.);
#2395=ORIENTED_EDGE('',*,*,#1705,.F.);
#2396=ORIENTED_EDGE('',*,*,#1706,.F.);
#2397=ORIENTED_EDGE('',*,*,#1698,.F.);
#2398=ORIENTED_EDGE('',*,*,#1666,.T.);
#2399=ORIENTED_EDGE('',*,*,#1694,.F.);
#2400=ORIENTED_EDGE('',*,*,#1707,.F.);
#2401=ORIENTED_EDGE('',*,*,#1701,.F.);
#2402=ORIENTED_EDGE('',*,*,#1708,.F.);
#2403=ORIENTED_EDGE('',*,*,#1692,.F.);
#2404=ORIENTED_EDGE('',*,*,#1709,.F.);
#2405=ORIENTED_EDGE('',*,*,#1702,.F.);
#2406=ORIENTED_EDGE('',*,*,#1709,.T.);
#2407=ORIENTED_EDGE('',*,*,#1691,.F.);
#2408=ORIENTED_EDGE('',*,*,#1710,.F.);
#2409=ORIENTED_EDGE('',*,*,#1703,.F.);
#2410=ORIENTED_EDGE('',*,*,#1710,.T.);
#2411=ORIENTED_EDGE('',*,*,#1690,.F.);
#2412=ORIENTED_EDGE('',*,*,#1711,.F.);
#2413=ORIENTED_EDGE('',*,*,#1704,.F.);
#2414=ORIENTED_EDGE('',*,*,#1711,.T.);
#2415=ORIENTED_EDGE('',*,*,#1689,.F.);
#2416=ORIENTED_EDGE('',*,*,#1712,.F.);
#2417=ORIENTED_EDGE('',*,*,#1713,.F.);
#2418=ORIENTED_EDGE('',*,*,#1714,.F.);
#2419=ORIENTED_EDGE('',*,*,#1687,.F.);
#2420=ORIENTED_EDGE('',*,*,#1715,.F.);
#2421=ORIENTED_EDGE('',*,*,#1716,.F.);
#2422=ORIENTED_EDGE('',*,*,#1715,.T.);
#2423=ORIENTED_EDGE('',*,*,#1686,.F.);
#2424=ORIENTED_EDGE('',*,*,#1717,.F.);
#2425=ORIENTED_EDGE('',*,*,#1718,.F.);
#2426=ORIENTED_EDGE('',*,*,#1717,.T.);
#2427=ORIENTED_EDGE('',*,*,#1685,.F.);
#2428=ORIENTED_EDGE('',*,*,#1719,.F.);
#2429=ORIENTED_EDGE('',*,*,#1720,.F.);
#2430=ORIENTED_EDGE('',*,*,#1713,.T.);
#2431=ORIENTED_EDGE('',*,*,#1716,.T.);
#2432=ORIENTED_EDGE('',*,*,#1718,.T.);
#2433=ORIENTED_EDGE('',*,*,#1635,.F.);
#2434=ORIENTED_EDGE('',*,*,#1721,.F.);
#2435=ORIENTED_EDGE('',*,*,#1722,.T.);
#2436=ORIENTED_EDGE('',*,*,#1699,.T.);
#2437=ORIENTED_EDGE('',*,*,#1712,.T.);
#2438=ORIENTED_EDGE('',*,*,#1688,.F.);
#2439=ORIENTED_EDGE('',*,*,#1714,.T.);
#2440=ORIENTED_EDGE('',*,*,#1720,.T.);
#2441=ORIENTED_EDGE('',*,*,#1719,.T.);
#2442=ORIENTED_EDGE('',*,*,#1684,.F.);
#2443=ORIENTED_EDGE('',*,*,#1723,.F.);
#2444=ORIENTED_EDGE('',*,*,#1724,.F.);
#2445=ORIENTED_EDGE('',*,*,#1447,.T.);
#2446=ORIENTED_EDGE('',*,*,#1645,.F.);
#2447=ORIENTED_EDGE('',*,*,#1469,.F.);
#2448=ORIENTED_EDGE('',*,*,#1725,.T.);
#2449=ORIENTED_EDGE('',*,*,#1723,.T.);
#2450=ORIENTED_EDGE('',*,*,#1644,.F.);
#2451=ORIENTED_EDGE('',*,*,#1658,.F.);
#2452=ORIENTED_EDGE('',*,*,#1726,.F.);
#2453=ORIENTED_EDGE('',*,*,#1637,.T.);
#2454=ORIENTED_EDGE('',*,*,#1627,.T.);
#2455=ORIENTED_EDGE('',*,*,#1727,.T.);
#2456=ORIENTED_EDGE('',*,*,#1728,.T.);
#2457=ORIENTED_EDGE('',*,*,#1674,.T.);
#2458=ORIENTED_EDGE('',*,*,#1625,.T.);
#2459=ORIENTED_EDGE('',*,*,#1729,.F.);
#2460=ORIENTED_EDGE('',*,*,#1727,.F.);
#2461=ORIENTED_EDGE('',*,*,#1626,.T.);
#2462=ORIENTED_EDGE('',*,*,#1728,.F.);
#2463=ORIENTED_EDGE('',*,*,#1729,.T.);
#2464=ORIENTED_EDGE('',*,*,#1616,.T.);
#2465=ORIENTED_EDGE('',*,*,#1695,.F.);
#2466=ORIENTED_EDGE('',*,*,#1675,.F.);
#2467=ORIENTED_EDGE('',*,*,#1456,.T.);
#2468=ORIENTED_EDGE('',*,*,#1473,.T.);
#2469=ORIENTED_EDGE('',*,*,#1669,.F.);
#2470=ORIENTED_EDGE('',*,*,#1730,.T.);
#2471=ORIENTED_EDGE('',*,*,#1672,.F.);
#2472=ORIENTED_EDGE('',*,*,#1700,.T.);
#2473=ORIENTED_EDGE('',*,*,#1722,.F.);
#2474=ORIENTED_EDGE('',*,*,#1731,.F.);
#2475=ORIENTED_EDGE('',*,*,#1732,.T.);
#2476=ORIENTED_EDGE('',*,*,#1696,.T.);
#2477=ORIENTED_EDGE('',*,*,#1707,.T.);
#2478=ORIENTED_EDGE('',*,*,#1693,.F.);
#2479=ORIENTED_EDGE('',*,*,#1708,.T.);
#2480=ORIENTED_EDGE('',*,*,#1655,.F.);
#2481=ORIENTED_EDGE('',*,*,#1733,.T.);
#2482=ORIENTED_EDGE('',*,*,#1734,.T.);
#2483=ORIENTED_EDGE('',*,*,#1733,.F.);
#2484=ORIENTED_EDGE('',*,*,#1653,.F.);
#2485=ORIENTED_EDGE('',*,*,#1735,.T.);
#2486=ORIENTED_EDGE('',*,*,#1736,.T.);
#2487=ORIENTED_EDGE('',*,*,#1735,.F.);
#2488=ORIENTED_EDGE('',*,*,#1652,.F.);
#2489=ORIENTED_EDGE('',*,*,#1737,.T.);
#2490=ORIENTED_EDGE('',*,*,#1738,.T.);
#2491=ORIENTED_EDGE('',*,*,#1737,.F.);
#2492=ORIENTED_EDGE('',*,*,#1654,.F.);
#2493=ORIENTED_EDGE('',*,*,#1739,.T.);
#2494=ORIENTED_EDGE('',*,*,#1740,.T.);
#2495=ORIENTED_EDGE('',*,*,#1739,.F.);
#2496=ORIENTED_EDGE('',*,*,#1697,.T.);
#2497=ORIENTED_EDGE('',*,*,#1732,.F.);
#2498=ORIENTED_EDGE('',*,*,#1741,.F.);
#2499=ORIENTED_EDGE('',*,*,#1638,.T.);
#2500=ORIENTED_EDGE('',*,*,#1726,.T.);
#2501=ORIENTED_EDGE('',*,*,#1673,.F.);
#2502=ORIENTED_EDGE('',*,*,#1730,.F.);
#2503=ORIENTED_EDGE('',*,*,#1668,.T.);
#2504=ORIENTED_EDGE('',*,*,#1455,.T.);
#2505=ORIENTED_EDGE('',*,*,#1639,.T.);
#2506=ORIENTED_EDGE('',*,*,#1741,.T.);
#2507=ORIENTED_EDGE('',*,*,#1731,.T.);
#2508=ORIENTED_EDGE('',*,*,#1721,.T.);
#2509=ORIENTED_EDGE('',*,*,#1634,.T.);
#2510=ORIENTED_EDGE('',*,*,#1657,.T.);
#2511=ORIENTED_EDGE('',*,*,#1429,.F.);
#2512=ORIENTED_EDGE('',*,*,#1435,.F.);
#2513=ORIENTED_EDGE('',*,*,#1438,.F.);
#2514=ORIENTED_EDGE('',*,*,#1441,.F.);
#2515=ORIENTED_EDGE('',*,*,#1444,.F.);
#2516=ORIENTED_EDGE('',*,*,#1448,.F.);
#2517=ORIENTED_EDGE('',*,*,#1724,.T.);
#2518=ORIENTED_EDGE('',*,*,#1725,.F.);
#2519=ORIENTED_EDGE('',*,*,#1468,.F.);
#2520=ORIENTED_EDGE('',*,*,#1470,.T.);
#2521=ORIENTED_EDGE('',*,*,#1460,.F.);
#2522=ORIENTED_EDGE('',*,*,#1462,.F.);
#2523=ORIENTED_EDGE('',*,*,#1451,.F.);
#2524=ORIENTED_EDGE('',*,*,#1734,.F.);
#2525=ORIENTED_EDGE('',*,*,#1736,.F.);
#2526=ORIENTED_EDGE('',*,*,#1738,.F.);
#2527=ORIENTED_EDGE('',*,*,#1740,.F.);
#2528=PLANE('',#2786);
#2529=PLANE('',#2787);
#2530=PLANE('',#2788);
#2531=PLANE('',#2789);
#2532=PLANE('',#2793);
#2533=PLANE('',#2794);
#2534=PLANE('',#2795);
#2535=PLANE('',#2796);
#2536=PLANE('',#2800);
#2537=PLANE('',#2801);
#2538=PLANE('',#2805);
#2539=PLANE('',#2806);
#2540=PLANE('',#2807);
#2541=PLANE('',#2808);
#2542=PLANE('',#2809);
#2543=PLANE('',#2810);
#2544=PLANE('',#2811);
#2545=PLANE('',#2812);
#2546=PLANE('',#2813);
#2547=PLANE('',#2814);
#2548=PLANE('',#2815);
#2549=PLANE('',#2816);
#2550=PLANE('',#2817);
#2551=PLANE('',#2818);
#2552=PLANE('',#2819);
#2553=PLANE('',#2820);
#2554=PLANE('',#2821);
#2555=PLANE('',#2822);
#2556=PLANE('',#2834);
#2557=PLANE('',#2845);
#2558=PLANE('',#2858);
#2559=PLANE('',#2859);
#2560=PLANE('',#2860);
#2561=PLANE('',#2861);
#2562=PLANE('',#2862);
#2563=PLANE('',#2863);
#2564=PLANE('',#2864);
#2565=PLANE('',#2865);
#2566=PLANE('',#2866);
#2567=PLANE('',#2867);
#2568=PLANE('',#2868);
#2569=PLANE('',#2869);
#2570=PLANE('',#2870);
#2571=PLANE('',#2871);
#2572=PLANE('',#2872);
#2573=PLANE('',#2873);
#2574=PLANE('',#2874);
#2575=PLANE('',#2875);
#2576=PLANE('',#2876);
#2577=PLANE('',#2877);
#2578=PLANE('',#2878);
#2579=PLANE('',#2879);
#2580=PLANE('',#2880);
#2581=PLANE('',#2881);
#2582=PLANE('',#2882);
#2583=PLANE('',#2883);
#2584=PLANE('',#2884);
#2585=PLANE('',#2885);
#2586=PLANE('',#2886);
#2587=PLANE('',#2887);
#2588=PLANE('',#2888);
#2589=PLANE('',#2890);
#2590=PLANE('',#2891);
#2591=PLANE('',#2892);
#2592=PLANE('',#2893);
#2593=PLANE('',#2894);
#2594=PLANE('',#2895);
#2595=PLANE('',#2896);
#2596=PLANE('',#2904);
#2597=PLANE('',#2905);
#2598=PLANE('',#2906);
#2599=PLANE('',#2907);
#2600=PLANE('',#2909);
#2601=PLANE('',#2910);
#2602=PLANE('',#2911);
#2603=PLANE('',#2912);
#2604=PLANE('',#2913);
#2605=PLANE('',#2914);
#2606=PLANE('',#2915);
#2607=PLANE('',#2918);
#2608=PLANE('',#2921);
#2609=PLANE('',#2923);
#2610=PLANE('',#2924);
#2611=PLANE('',#2928);
#2612=PLANE('',#2929);
#2613=PLANE('',#2931);
#2614=PLANE('',#2932);
#2615=PLANE('',#2933);
#2616=PLANE('',#2934);
#2617=PLANE('',#2935);
#2618=PLANE('',#2936);
#2619=PLANE('',#2937);
#2620=PLANE('',#2938);
#2621=PLANE('',#2941);
#2622=PLANE('',#2942);
#2623=PLANE('',#2943);
#2624=PLANE('',#2944);
#2625=PLANE('',#2945);
#2626=PLANE('',#2954);
#2627=PLANE('',#2955);
#2628=ADVANCED_FACE('',(#184),#2528,.F.);
#2629=ADVANCED_FACE('',(#185),#2529,.F.);
#2630=ADVANCED_FACE('',(#186),#2530,.F.);
#2631=ADVANCED_FACE('',(#187),#2531,.F.);
#2632=ADVANCED_FACE('',(#188),#163,.T.);
#2633=ADVANCED_FACE('',(#189),#2532,.F.);
#2634=ADVANCED_FACE('',(#190),#2533,.T.);
#2635=ADVANCED_FACE('',(#191),#2534,.F.);
#2636=ADVANCED_FACE('',(#192),#2535,.F.);
#2637=ADVANCED_FACE('',(#193),#164,.T.);
#2638=ADVANCED_FACE('',(#194),#2536,.F.);
#2639=ADVANCED_FACE('',(#195),#2537,.F.);
#2640=ADVANCED_FACE('',(#196),#165,.T.);
#2641=ADVANCED_FACE('',(#197),#2538,.F.);
#2642=ADVANCED_FACE('',(#198),#2539,.F.);
#2643=ADVANCED_FACE('',(#199),#2540,.F.);
#2644=ADVANCED_FACE('',(#200),#2541,.T.);
#2645=ADVANCED_FACE('',(#201),#2542,.F.);
#2646=ADVANCED_FACE('',(#202),#2543,.F.);
#2647=ADVANCED_FACE('',(#203),#2544,.F.);
#2648=ADVANCED_FACE('',(#204),#2545,.F.);
#2649=ADVANCED_FACE('',(#205),#2546,.F.);
#2650=ADVANCED_FACE('',(#206),#2547,.F.);
#2651=ADVANCED_FACE('',(#207),#2548,.F.);
#2652=ADVANCED_FACE('',(#208),#2549,.F.);
#2653=ADVANCED_FACE('',(#209),#2550,.F.);
#2654=ADVANCED_FACE('',(#210),#2551,.F.);
#2655=ADVANCED_FACE('',(#211),#2552,.F.);
#2656=ADVANCED_FACE('',(#212),#2553,.F.);
#2657=ADVANCED_FACE('',(#213),#2554,.F.);
#2658=ADVANCED_FACE('',(#214),#2555,.F.);
#2659=ADVANCED_FACE('',(#215),#166,.F.);
#2660=ADVANCED_FACE('',(#216),#167,.T.);
#2661=ADVANCED_FACE('',(#217),#168,.F.);
#2662=ADVANCED_FACE('',(#218),#2556,.T.);
#2663=ADVANCED_FACE('',(#219),#169,.F.);
#2664=ADVANCED_FACE('',(#220),#170,.T.);
#2665=ADVANCED_FACE('',(#221),#171,.F.);
#2666=ADVANCED_FACE('',(#222),#2557,.T.);
#2667=ADVANCED_FACE('',(#223),#172,.F.);
#2668=ADVANCED_FACE('',(#224),#173,.T.);
#2669=ADVANCED_FACE('',(#225),#174,.F.);
#2670=ADVANCED_FACE('',(#226),#2558,.T.);
#2671=ADVANCED_FACE('',(#227),#2559,.F.);
#2672=ADVANCED_FACE('',(#228),#2560,.F.);
#2673=ADVANCED_FACE('',(#229),#2561,.F.);
#2674=ADVANCED_FACE('',(#230),#2562,.F.);
#2675=ADVANCED_FACE('',(#231),#2563,.F.);
#2676=ADVANCED_FACE('',(#232),#2564,.F.);
#2677=ADVANCED_FACE('',(#233),#2565,.F.);
#2678=ADVANCED_FACE('',(#234),#2566,.F.);
#2679=ADVANCED_FACE('',(#235),#2567,.F.);
#2680=ADVANCED_FACE('',(#236),#2568,.F.);
#2681=ADVANCED_FACE('',(#237),#2569,.F.);
#2682=ADVANCED_FACE('',(#238),#81,.F.);
#2683=ADVANCED_FACE('',(#239),#82,.F.);
#2684=ADVANCED_FACE('',(#240),#83,.F.);
#2685=ADVANCED_FACE('',(#241),#84,.F.);
#2686=ADVANCED_FACE('',(#242),#85,.F.);
#2687=ADVANCED_FACE('',(#243),#2570,.F.);
#2688=ADVANCED_FACE('',(#244),#2571,.F.);
#2689=ADVANCED_FACE('',(#245),#86,.F.);
#2690=ADVANCED_FACE('',(#246),#87,.F.);
#2691=ADVANCED_FACE('',(#247),#88,.F.);
#2692=ADVANCED_FACE('',(#248),#89,.F.);
#2693=ADVANCED_FACE('',(#249),#90,.F.);
#2694=ADVANCED_FACE('',(#250),#91,.F.);
#2695=ADVANCED_FACE('',(#251),#2572,.F.);
#2696=ADVANCED_FACE('',(#252),#2573,.F.);
#2697=ADVANCED_FACE('',(#253,#14),#2574,.T.);
#2698=ADVANCED_FACE('',(#254),#2575,.F.);
#2699=ADVANCED_FACE('',(#255),#92,.F.);
#2700=ADVANCED_FACE('',(#256),#93,.F.);
#2701=ADVANCED_FACE('',(#257),#94,.F.);
#2702=ADVANCED_FACE('',(#258),#95,.F.);
#2703=ADVANCED_FACE('',(#259),#96,.F.);
#2704=ADVANCED_FACE('',(#260),#97,.F.);
#2705=ADVANCED_FACE('',(#261),#2576,.F.);
#2706=ADVANCED_FACE('',(#262),#98,.F.);
#2707=ADVANCED_FACE('',(#263),#99,.F.);
#2708=ADVANCED_FACE('',(#264),#100,.F.);
#2709=ADVANCED_FACE('',(#265),#101,.F.);
#2710=ADVANCED_FACE('',(#266),#102,.F.);
#2711=ADVANCED_FACE('',(#267),#103,.F.);
#2712=ADVANCED_FACE('',(#268),#2577,.F.);
#2713=ADVANCED_FACE('',(#269),#2578,.F.);
#2714=ADVANCED_FACE('',(#270),#2579,.F.);
#2715=ADVANCED_FACE('',(#271),#2580,.F.);
#2716=ADVANCED_FACE('',(#272),#2581,.T.);
#2717=ADVANCED_FACE('',(#273),#2582,.F.);
#2718=ADVANCED_FACE('',(#274),#2583,.F.);
#2719=ADVANCED_FACE('',(#275),#2584,.F.);
#2720=ADVANCED_FACE('',(#276),#2585,.F.);
#2721=ADVANCED_FACE('',(#277),#2586,.F.);
#2722=ADVANCED_FACE('',(#278),#2587,.T.);
#2723=ADVANCED_FACE('',(#279),#2588,.F.);
#2724=ADVANCED_FACE('',(#280),#2589,.T.);
#2725=ADVANCED_FACE('',(#281),#2590,.T.);
#2726=ADVANCED_FACE('',(#282),#2591,.T.);
#2727=ADVANCED_FACE('',(#283),#2592,.T.);
#2728=ADVANCED_FACE('',(#284),#2593,.T.);
#2729=ADVANCED_FACE('',(#285),#2594,.T.);
#2730=ADVANCED_FACE('',(#286,#15,#16,#17,#18,#19,#20,#21,#22,#23,#24,#25,
#26,#27,#28),#2595,.T.);
#2731=ADVANCED_FACE('',(#287),#2596,.T.);
#2732=ADVANCED_FACE('',(#288),#2597,.T.);
#2733=ADVANCED_FACE('',(#289),#2598,.T.);
#2734=ADVANCED_FACE('',(#290),#2599,.T.);
#2735=ADVANCED_FACE('',(#291),#2600,.T.);
#2736=ADVANCED_FACE('',(#292),#2601,.T.);
#2737=ADVANCED_FACE('',(#293),#2602,.T.);
#2738=ADVANCED_FACE('',(#294),#2603,.T.);
#2739=ADVANCED_FACE('',(#295),#2604,.T.);
#2740=ADVANCED_FACE('',(#296),#2605,.T.);
#2741=ADVANCED_FACE('',(#297),#2606,.T.);
#2742=ADVANCED_FACE('',(#298),#175,.F.);
#2743=ADVANCED_FACE('',(#299),#2607,.T.);
#2744=ADVANCED_FACE('',(#300),#176,.F.);
#2745=ADVANCED_FACE('',(#301,#29),#2608,.F.);
#2746=ADVANCED_FACE('',(#302),#2609,.F.);
#2747=ADVANCED_FACE('',(#303,#30),#2610,.F.);
#2748=ADVANCED_FACE('',(#304),#177,.F.);
#2749=ADVANCED_FACE('',(#305),#2611,.T.);
#2750=ADVANCED_FACE('',(#306),#2612,.T.);
#2751=ADVANCED_FACE('',(#307),#178,.T.);
#2752=ADVANCED_FACE('',(#308),#2613,.T.);
#2753=ADVANCED_FACE('',(#309),#2614,.T.);
#2754=ADVANCED_FACE('',(#310),#2615,.T.);
#2755=ADVANCED_FACE('',(#311),#2616,.T.);
#2756=ADVANCED_FACE('',(#312),#2617,.T.);
#2757=ADVANCED_FACE('',(#313),#2618,.F.);
#2758=ADVANCED_FACE('',(#314),#2619,.T.);
#2759=ADVANCED_FACE('',(#315),#2620,.T.);
#2760=ADVANCED_FACE('',(#316),#179,.T.);
#2761=ADVANCED_FACE('',(#317),#2621,.F.);
#2762=ADVANCED_FACE('',(#318),#2622,.T.);
#2763=ADVANCED_FACE('',(#319),#2623,.T.);
#2764=ADVANCED_FACE('',(#320),#2624,.T.);
#2765=ADVANCED_FACE('',(#321),#2625,.T.);
#2766=ADVANCED_FACE('',(#322),#180,.F.);
#2767=ADVANCED_FACE('',(#323),#181,.F.);
#2768=ADVANCED_FACE('',(#324),#182,.F.);
#2769=ADVANCED_FACE('',(#325),#183,.F.);
#2770=ADVANCED_FACE('',(#326),#2626,.T.);
#2771=ADVANCED_FACE('',(#327,#31,#32,#33,#34),#2627,.F.);
#2772=CLOSED_SHELL('',(#2628,#2629,#2630,#2631,#2632,#2633,#2634,#2635,
#2636,#2637,#2638,#2639,#2640,#2641,#2642,#2643,#2644,#2645,#2646,#2647,
#2648,#2649,#2650,#2651,#2652,#2653,#2654,#2655,#2656,#2657,#2658,#2659,
#2660,#2661,#2662,#2663,#2664,#2665,#2666,#2667,#2668,#2669,#2670,#2671,
#2672,#2673,#2674,#2675,#2676,#2677,#2678,#2679,#2680,#2681,#2682,#2683,
#2684,#2685,#2686,#2687,#2688,#2689,#2690,#2691,#2692,#2693,#2694,#2695,
#2696,#2697,#2698,#2699,#2700,#2701,#2702,#2703,#2704,#2705,#2706,#2707,
#2708,#2709,#2710,#2711,#2712,#2713,#2714,#2715,#2716,#2717,#2718,#2719,
#2720,#2721,#2722,#2723,#2724,#2725,#2726,#2727,#2728,#2729,#2730,#2731,
#2732,#2733,#2734,#2735,#2736,#2737,#2738,#2739,#2740,#2741,#2742,#2743,
#2744,#2745,#2746,#2747,#2748,#2749,#2750,#2751,#2752,#2753,#2754,#2755,
#2756,#2757,#2758,#2759,#2760,#2761,#2762,#2763,#2764,#2765,#2766,#2767,
#2768,#2769,#2770,#2771));
#2773=DERIVED_UNIT_ELEMENT(#2775,1.);
#2774=DERIVED_UNIT_ELEMENT(#4914,-3.);
#2775=(
MASS_UNIT()
NAMED_UNIT(*)
SI_UNIT(.KILO.,.GRAM.)
);
#2776=DERIVED_UNIT((#2773,#2774));
#2777=MEASURE_REPRESENTATION_ITEM('density measure',
POSITIVE_RATIO_MEASURE(7850.),#2776);
#2778=PROPERTY_DEFINITION_REPRESENTATION(#2783,#2780);
#2779=PROPERTY_DEFINITION_REPRESENTATION(#2784,#2781);
#2780=REPRESENTATION('material name',(#2782),#4911);
#2781=REPRESENTATION('density',(#2777),#4911);
#2782=DESCRIPTIVE_REPRESENTATION_ITEM('Steel','Steel');
#2783=PROPERTY_DEFINITION('material property','material name',#4921);
#2784=PROPERTY_DEFINITION('material property','density of part',#4921);
#2785=AXIS2_PLACEMENT_3D('',#3596,#2956,#2957);
#2786=AXIS2_PLACEMENT_3D('',#3597,#2958,#2959);
#2787=AXIS2_PLACEMENT_3D('',#3606,#2964,#2965);
#2788=AXIS2_PLACEMENT_3D('',#3612,#2969,#2970);
#2789=AXIS2_PLACEMENT_3D('',#3618,#2974,#2975);
#2790=AXIS2_PLACEMENT_3D('',#3624,#2979,#2980);
#2791=AXIS2_PLACEMENT_3D('',#3626,#2981,#2982);
#2792=AXIS2_PLACEMENT_3D('',#3629,#2984,#2985);
#2793=AXIS2_PLACEMENT_3D('',#3630,#2986,#2987);
#2794=AXIS2_PLACEMENT_3D('',#3633,#2990,#2991);
#2795=AXIS2_PLACEMENT_3D('',#3634,#2992,#2993);
#2796=AXIS2_PLACEMENT_3D('',#3643,#2998,#2999);
#2797=AXIS2_PLACEMENT_3D('',#3649,#3003,#3004);
#2798=AXIS2_PLACEMENT_3D('',#3651,#3005,#3006);
#2799=AXIS2_PLACEMENT_3D('',#3654,#3008,#3009);
#2800=AXIS2_PLACEMENT_3D('',#3655,#3010,#3011);
#2801=AXIS2_PLACEMENT_3D('',#3661,#3015,#3016);
#2802=AXIS2_PLACEMENT_3D('',#3667,#3020,#3021);
#2803=AXIS2_PLACEMENT_3D('',#3669,#3022,#3023);
#2804=AXIS2_PLACEMENT_3D('',#3672,#3025,#3026);
#2805=AXIS2_PLACEMENT_3D('',#3673,#3027,#3028);
#2806=AXIS2_PLACEMENT_3D('',#3679,#3032,#3033);
#2807=AXIS2_PLACEMENT_3D('',#3685,#3037,#3038);
#2808=AXIS2_PLACEMENT_3D('',#3688,#3041,#3042);
#2809=AXIS2_PLACEMENT_3D('',#3689,#3043,#3044);
#2810=AXIS2_PLACEMENT_3D('',#3698,#3049,#3050);
#2811=AXIS2_PLACEMENT_3D('',#3704,#3054,#3055);
#2812=AXIS2_PLACEMENT_3D('',#3710,#3059,#3060);
#2813=AXIS2_PLACEMENT_3D('',#3713,#3063,#3064);
#2814=AXIS2_PLACEMENT_3D('',#3714,#3065,#3066);
#2815=AXIS2_PLACEMENT_3D('',#3723,#3071,#3072);
#2816=AXIS2_PLACEMENT_3D('',#3729,#3076,#3077);
#2817=AXIS2_PLACEMENT_3D('',#3732,#3080,#3081);
#2818=AXIS2_PLACEMENT_3D('',#3733,#3082,#3083);
#2819=AXIS2_PLACEMENT_3D('',#3742,#3088,#3089);
#2820=AXIS2_PLACEMENT_3D('',#3748,#3093,#3094);
#2821=AXIS2_PLACEMENT_3D('',#3754,#3098,#3099);
#2822=AXIS2_PLACEMENT_3D('',#3757,#3102,#3103);
#2823=AXIS2_PLACEMENT_3D('',#3758,#3104,#3105);
#2824=AXIS2_PLACEMENT_3D('',#3761,#3106,#3107);
#2825=AXIS2_PLACEMENT_3D('',#3765,#3109,#3110);
#2826=AXIS2_PLACEMENT_3D('',#3767,#3112,#3113);
#2827=AXIS2_PLACEMENT_3D('',#3769,#3114,#3115);
#2828=AXIS2_PLACEMENT_3D('',#3771,#3116,#3117);
#2829=AXIS2_PLACEMENT_3D('',#3773,#3118,#3119);
#2830=AXIS2_PLACEMENT_3D('',#3776,#3121,#3122);
#2831=AXIS2_PLACEMENT_3D('',#3777,#3123,#3124);
#2832=AXIS2_PLACEMENT_3D('',#3779,#3125,#3126);
#2833=AXIS2_PLACEMENT_3D('',#3782,#3128,#3129);
#2834=AXIS2_PLACEMENT_3D('',#3783,#3130,#3131);
#2835=AXIS2_PLACEMENT_3D('',#3789,#3135,#3136);
#2836=AXIS2_PLACEMENT_3D('',#3791,#3137,#3138);
#2837=AXIS2_PLACEMENT_3D('',#3794,#3140,#3141);
#2838=AXIS2_PLACEMENT_3D('',#3795,#3142,#3143);
#2839=AXIS2_PLACEMENT_3D('',#3797,#3144,#3145);
#2840=AXIS2_PLACEMENT_3D('',#3799,#3146,#3147);
#2841=AXIS2_PLACEMENT_3D('',#3802,#3149,#3150);
#2842=AXIS2_PLACEMENT_3D('',#3803,#3151,#3152);
#2843=AXIS2_PLACEMENT_3D('',#3806,#3153,#3154);
#2844=AXIS2_PLACEMENT_3D('',#3810,#3156,#3157);
#2845=AXIS2_PLACEMENT_3D('',#3812,#3159,#3160);
#2846=AXIS2_PLACEMENT_3D('',#3818,#3164,#3165);
#2847=AXIS2_PLACEMENT_3D('',#3821,#3166,#3167);
#2848=AXIS2_PLACEMENT_3D('',#3825,#3169,#3170);
#2849=AXIS2_PLACEMENT_3D('',#3829,#3172,#3173);
#2850=AXIS2_PLACEMENT_3D('',#3831,#3175,#3176);
#2851=AXIS2_PLACEMENT_3D('',#3832,#3177,#3178);
#2852=AXIS2_PLACEMENT_3D('',#3834,#3179,#3180);
#2853=AXIS2_PLACEMENT_3D('',#3836,#3181,#3182);
#2854=AXIS2_PLACEMENT_3D('',#3837,#3183,#3184);
#2855=AXIS2_PLACEMENT_3D('',#3838,#3185,#3186);
#2856=AXIS2_PLACEMENT_3D('',#3841,#3187,#3188);
#2857=AXIS2_PLACEMENT_3D('',#3845,#3190,#3191);
#2858=AXIS2_PLACEMENT_3D('',#3847,#3193,#3194);
#2859=AXIS2_PLACEMENT_3D('',#3854,#3199,#3200);
#2860=AXIS2_PLACEMENT_3D('',#3863,#3205,#3206);
#2861=AXIS2_PLACEMENT_3D('',#3869,#3210,#3211);
#2862=AXIS2_PLACEMENT_3D('',#3875,#3215,#3216);
#2863=AXIS2_PLACEMENT_3D('',#3881,#3220,#3221);
#2864=AXIS2_PLACEMENT_3D('',#3887,#3225,#3226);
#2865=AXIS2_PLACEMENT_3D('',#3893,#3230,#3231);
#2866=AXIS2_PLACEMENT_3D('',#3899,#3235,#3236);
#2867=AXIS2_PLACEMENT_3D('',#3902,#3239,#3240);
#2868=AXIS2_PLACEMENT_3D('',#3903,#3241,#3242);
#2869=AXIS2_PLACEMENT_3D('',#3912,#3247,#3248);
#2870=AXIS2_PLACEMENT_3D('',#4053,#3257,#3258);
#2871=AXIS2_PLACEMENT_3D('',#4056,#3261,#3262);
#2872=AXIS2_PLACEMENT_3D('',#4227,#3273,#3274);
#2873=AXIS2_PLACEMENT_3D('',#4233,#3278,#3279);
#2874=AXIS2_PLACEMENT_3D('',#4236,#3282,#3283);
#2875=AXIS2_PLACEMENT_3D('',#4237,#3284,#3285);
#2876=AXIS2_PLACEMENT_3D('',#4424,#3296,#3297);
#2877=AXIS2_PLACEMENT_3D('',#4608,#3307,#3308);
#2878=AXIS2_PLACEMENT_3D('',#4614,#3312,#3313);
#2879=AXIS2_PLACEMENT_3D('',#4620,#3317,#3318);
#2880=AXIS2_PLACEMENT_3D('',#4626,#3322,#3323);
#2881=AXIS2_PLACEMENT_3D('',#4629,#3326,#3327);
#2882=AXIS2_PLACEMENT_3D('',#4630,#3328,#3329);
#2883=AXIS2_PLACEMENT_3D('',#4639,#3334,#3335);
#2884=AXIS2_PLACEMENT_3D('',#4645,#3339,#3340);
#2885=AXIS2_PLACEMENT_3D('',#4651,#3344,#3345);
#2886=AXIS2_PLACEMENT_3D('',#4654,#3348,#3349);
#2887=AXIS2_PLACEMENT_3D('',#4655,#3350,#3351);
#2888=AXIS2_PLACEMENT_3D('',#4656,#3352,#3353);
#2889=AXIS2_PLACEMENT_3D('',#4658,#3354,#3355);
#2890=AXIS2_PLACEMENT_3D('',#4659,#3356,#3357);
#2891=AXIS2_PLACEMENT_3D('',#4668,#3362,#3363);
#2892=AXIS2_PLACEMENT_3D('',#4674,#3367,#3368);
#2893=AXIS2_PLACEMENT_3D('',#4680,#3372,#3373);
#2894=AXIS2_PLACEMENT_3D('',#4686,#3377,#3378);
#2895=AXIS2_PLACEMENT_3D('',#4690,#3381,#3382);
#2896=AXIS2_PLACEMENT_3D('',#4707,#3392,#3393);
#2897=AXIS2_PLACEMENT_3D('',#4717,#3398,#3399);
#2898=AXIS2_PLACEMENT_3D('',#4723,#3403,#3404);
#2899=AXIS2_PLACEMENT_3D('',#4727,#3406,#3407);
#2900=AXIS2_PLACEMENT_3D('',#4730,#3409,#3410);
#2901=AXIS2_PLACEMENT_3D('',#4732,#3411,#3412);
#2902=AXIS2_PLACEMENT_3D('',#4734,#3413,#3414);
#2903=AXIS2_PLACEMENT_3D('',#4736,#3415,#3416);
#2904=AXIS2_PLACEMENT_3D('',#4737,#3417,#3418);
#2905=AXIS2_PLACEMENT_3D('',#4738,#3419,#3420);
#2906=AXIS2_PLACEMENT_3D('',#4740,#3422,#3423);
#2907=AXIS2_PLACEMENT_3D('',#4742,#3425,#3426);
#2908=AXIS2_PLACEMENT_3D('',#4743,#3427,#3428);
#2909=AXIS2_PLACEMENT_3D('',#4745,#3430,#3431);
#2910=AXIS2_PLACEMENT_3D('',#4749,#3434,#3435);
#2911=AXIS2_PLACEMENT_3D('',#4753,#3438,#3439);
#2912=AXIS2_PLACEMENT_3D('',#4755,#3441,#3442);
#2913=AXIS2_PLACEMENT_3D('',#4765,#3448,#3449);
#2914=AXIS2_PLACEMENT_3D('',#4769,#3452,#3453);
#2915=AXIS2_PLACEMENT_3D('',#4777,#3458,#3459);
#2916=AXIS2_PLACEMENT_3D('',#4783,#3463,#3464);
#2917=AXIS2_PLACEMENT_3D('',#4785,#3465,#3466);
#2918=AXIS2_PLACEMENT_3D('',#4787,#3468,#3469);
#2919=AXIS2_PLACEMENT_3D('',#4791,#3472,#3473);
#2920=AXIS2_PLACEMENT_3D('',#4792,#3474,#3475);
#2921=AXIS2_PLACEMENT_3D('',#4793,#3476,#3477);
#2922=AXIS2_PLACEMENT_3D('',#4809,#3485,#3486);
#2923=AXIS2_PLACEMENT_3D('',#4816,#3491,#3492);
#2924=AXIS2_PLACEMENT_3D('',#4822,#3496,#3497);
#2925=AXIS2_PLACEMENT_3D('',#4831,#3501,#3502);
#2926=AXIS2_PLACEMENT_3D('',#4836,#3505,#3506);
#2927=AXIS2_PLACEMENT_3D('',#4837,#3507,#3508);
#2928=AXIS2_PLACEMENT_3D('',#4839,#3510,#3511);
#2929=AXIS2_PLACEMENT_3D('',#4841,#3513,#3514);
#2930=AXIS2_PLACEMENT_3D('',#4844,#3517,#3518);
#2931=AXIS2_PLACEMENT_3D('',#4846,#3520,#3521);
#2932=AXIS2_PLACEMENT_3D('',#4848,#3523,#3524);
#2933=AXIS2_PLACEMENT_3D('',#4850,#3526,#3527);
#2934=AXIS2_PLACEMENT_3D('',#4856,#3531,#3532);
#2935=AXIS2_PLACEMENT_3D('',#4860,#3535,#3536);
#2936=AXIS2_PLACEMENT_3D('',#4864,#3539,#3540);
#2937=AXIS2_PLACEMENT_3D('',#4866,#3542,#3543);
#2938=AXIS2_PLACEMENT_3D('',#4870,#3546,#3547);
#2939=AXIS2_PLACEMENT_3D('',#4874,#3550,#3551);
#2940=AXIS2_PLACEMENT_3D('',#4875,#3552,#3553);
#2941=AXIS2_PLACEMENT_3D('',#4876,#3554,#3555);
#2942=AXIS2_PLACEMENT_3D('',#4881,#3559,#3560);
#2943=AXIS2_PLACEMENT_3D('',#4883,#3562,#3563);
#2944=AXIS2_PLACEMENT_3D('',#4884,#3564,#3565);
#2945=AXIS2_PLACEMENT_3D('',#4886,#3567,#3568);
#2946=AXIS2_PLACEMENT_3D('',#4890,#3571,#3572);
#2947=AXIS2_PLACEMENT_3D('',#4893,#3574,#3575);
#2948=AXIS2_PLACEMENT_3D('',#4894,#3576,#3577);
#2949=AXIS2_PLACEMENT_3D('',#4897,#3579,#3580);
#2950=AXIS2_PLACEMENT_3D('',#4898,#3581,#3582);
#2951=AXIS2_PLACEMENT_3D('',#4901,#3584,#3585);
#2952=AXIS2_PLACEMENT_3D('',#4902,#3586,#3587);
#2953=AXIS2_PLACEMENT_3D('',#4905,#3589,#3590);
#2954=AXIS2_PLACEMENT_3D('',#4906,#3591,#3592);
#2955=AXIS2_PLACEMENT_3D('',#4908,#3594,#3595);
#2956=DIRECTION('axis',(0.,0.,1.));
#2957=DIRECTION('refdir',(1.,0.,0.));
#2958=DIRECTION('center_axis',(0.707106781186547,-0.707106781186548,0.));
#2959=DIRECTION('ref_axis',(-0.707106781186548,-0.707106781186547,0.));
#2960=DIRECTION('',(-0.707106781186548,-0.707106781186547,0.));
#2961=DIRECTION('',(0.,0.,-1.));
#2962=DIRECTION('',(-0.707106781186548,-0.707106781186547,0.));
#2963=DIRECTION('',(0.,0.,-1.));
#2964=DIRECTION('center_axis',(1.,0.,0.));
#2965=DIRECTION('ref_axis',(0.,-1.,0.));
#2966=DIRECTION('',(0.,-1.,0.));
#2967=DIRECTION('',(0.,0.,-1.));
#2968=DIRECTION('',(0.,-1.,0.));
#2969=DIRECTION('center_axis',(-0.707106781186547,0.707106781186548,0.));
#2970=DIRECTION('ref_axis',(0.707106781186548,0.707106781186547,0.));
#2971=DIRECTION('',(0.707106781186548,0.707106781186547,0.));
#2972=DIRECTION('',(0.,0.,-1.));
#2973=DIRECTION('',(0.707106781186548,0.707106781186547,0.));
#2974=DIRECTION('center_axis',(-1.,6.13466392606132E-16,0.));
#2975=DIRECTION('ref_axis',(6.13466392606132E-16,1.,0.));
#2976=DIRECTION('',(6.13466392606132E-16,1.,0.));
#2977=DIRECTION('',(0.,0.,-1.));
#2978=DIRECTION('',(6.13466392606132E-16,1.,0.));
#2979=DIRECTION('center_axis',(0.,0.,-1.));
#2980=DIRECTION('ref_axis',(-1.,1.60656445412035E-10,0.));
#2981=DIRECTION('center_axis',(0.,0.,1.));
#2982=DIRECTION('ref_axis',(-1.,1.60656445412035E-10,0.));
#2983=DIRECTION('',(0.,0.,-1.));
#2984=DIRECTION('center_axis',(0.,0.,1.));
#2985=DIRECTION('ref_axis',(-1.,1.60656445412035E-10,0.));
#2986=DIRECTION('center_axis',(0.,-1.,0.));
#2987=DIRECTION('ref_axis',(-1.,0.,0.));
#2988=DIRECTION('',(-1.,0.,0.));
#2989=DIRECTION('',(-1.,0.,0.));
#2990=DIRECTION('center_axis',(0.,0.,1.));
#2991=DIRECTION('ref_axis',(-1.,0.,0.));
#2992=DIRECTION('center_axis',(-0.707106781186547,0.707106781186548,0.));
#2993=DIRECTION('ref_axis',(0.707106781186548,0.707106781186547,0.));
#2994=DIRECTION('',(0.707106781186548,0.707106781186547,0.));
#2995=DIRECTION('',(0.,0.,-1.));
#2996=DIRECTION('',(0.707106781186548,0.707106781186547,0.));
#2997=DIRECTION('',(0.,0.,-1.));
#2998=DIRECTION('center_axis',(-1.,-3.91796296465477E-16,0.));
#2999=DIRECTION('ref_axis',(-3.91796296465477E-16,1.,0.));
#3000=DIRECTION('',(-3.91796296465477E-16,1.,0.));
#3001=DIRECTION('',(0.,0.,-1.));
#3002=DIRECTION('',(-3.91796296465477E-16,1.,0.));
#3003=DIRECTION('center_axis',(0.,0.,-1.));
#3004=DIRECTION('ref_axis',(0.,-1.,0.));
#3005=DIRECTION('center_axis',(0.,0.,1.));
#3006=DIRECTION('ref_axis',(0.,-1.,0.));
#3007=DIRECTION('',(0.,0.,-1.));
#3008=DIRECTION('center_axis',(0.,0.,1.));
#3009=DIRECTION('ref_axis',(0.,-1.,0.));
#3010=DIRECTION('center_axis',(0.,1.,0.));
#3011=DIRECTION('ref_axis',(1.,0.,0.));
#3012=DIRECTION('',(1.,0.,0.));
#3013=DIRECTION('',(0.,0.,-1.));
#3014=DIRECTION('',(1.,0.,0.));
#3015=DIRECTION('center_axis',(-0.707106781186547,0.707106781186548,0.));
#3016=DIRECTION('ref_axis',(0.707106781186548,0.707106781186547,0.));
#3017=DIRECTION('',(0.707106781186548,0.707106781186547,0.));
#3018=DIRECTION('',(0.,0.,-1.));
#3019=DIRECTION('',(0.707106781186548,0.707106781186547,0.));
#3020=DIRECTION('center_axis',(0.,0.,-1.));
#3021=DIRECTION('ref_axis',(1.,0.,0.));
#3022=DIRECTION('center_axis',(0.,0.,1.));
#3023=DIRECTION('ref_axis',(1.,0.,0.));
#3024=DIRECTION('',(0.,0.,-1.));
#3025=DIRECTION('center_axis',(0.,0.,1.));
#3026=DIRECTION('ref_axis',(1.,0.,0.));
#3027=DIRECTION('center_axis',(-1.,6.13466392606132E-16,0.));
#3028=DIRECTION('ref_axis',(6.13466392606132E-16,1.,0.));
#3029=DIRECTION('',(6.13466392606132E-16,1.,0.));
#3030=DIRECTION('',(0.,0.,-1.));
#3031=DIRECTION('',(6.13466392606132E-16,1.,0.));
#3032=DIRECTION('center_axis',(0.707106781186547,-0.707106781186548,0.));
#3033=DIRECTION('ref_axis',(-0.707106781186548,-0.707106781186547,0.));
#3034=DIRECTION('',(-0.707106781186548,-0.707106781186547,0.));
#3035=DIRECTION('',(0.,0.,-1.));
#3036=DIRECTION('',(-0.707106781186548,-0.707106781186547,0.));
#3037=DIRECTION('center_axis',(8.55410886706686E-16,1.,0.));
#3038=DIRECTION('ref_axis',(1.,-8.55410886706686E-16,0.));
#3039=DIRECTION('',(1.,-8.55410886706686E-16,0.));
#3040=DIRECTION('',(1.,-8.55410886706686E-16,0.));
#3041=DIRECTION('center_axis',(0.,0.,1.));
#3042=DIRECTION('ref_axis',(-1.,0.,0.));
#3043=DIRECTION('center_axis',(-0.707106781186547,0.707106781186548,0.));
#3044=DIRECTION('ref_axis',(0.707106781186548,0.707106781186547,0.));
#3045=DIRECTION('',(0.707106781186548,0.707106781186547,0.));
#3046=DIRECTION('',(0.,0.,-1.));
#3047=DIRECTION('',(0.707106781186548,0.707106781186547,0.));
#3048=DIRECTION('',(0.,0.,-1.));
#3049=DIRECTION('center_axis',(0.,-1.,0.));
#3050=DIRECTION('ref_axis',(-1.,0.,0.));
#3051=DIRECTION('',(-1.,0.,0.));
#3052=DIRECTION('',(0.,0.,-1.));
#3053=DIRECTION('',(-1.,0.,0.));
#3054=DIRECTION('center_axis',(0.707106781186547,-0.707106781186548,0.));
#3055=DIRECTION('ref_axis',(-0.707106781186548,-0.707106781186547,0.));
#3056=DIRECTION('',(-0.707106781186548,-0.707106781186547,0.));
#3057=DIRECTION('',(0.,0.,-1.));
#3058=DIRECTION('',(-0.707106781186548,-0.707106781186547,0.));
#3059=DIRECTION('center_axis',(1.,0.,0.));
#3060=DIRECTION('ref_axis',(0.,-1.,0.));
#3061=DIRECTION('',(0.,-1.,0.));
#3062=DIRECTION('',(0.,-1.,0.));
#3063=DIRECTION('center_axis',(0.,0.,-1.));
#3064=DIRECTION('ref_axis',(-1.,0.,0.));
#3065=DIRECTION('center_axis',(-1.,-3.91796296465477E-16,0.));
#3066=DIRECTION('ref_axis',(-3.91796296465477E-16,1.,0.));
#3067=DIRECTION('',(-3.91796296465477E-16,1.,0.));
#3068=DIRECTION('',(0.,0.,-1.));
#3069=DIRECTION('',(-3.91796296465477E-16,1.,0.));
#3070=DIRECTION('',(0.,0.,-1.));
#3071=DIRECTION('center_axis',(0.707106781186547,-0.707106781186548,0.));
#3072=DIRECTION('ref_axis',(-0.707106781186548,-0.707106781186547,0.));
#3073=DIRECTION('',(-0.707106781186548,-0.707106781186547,0.));
#3074=DIRECTION('',(0.,0.,-1.));
#3075=DIRECTION('',(-0.707106781186548,-0.707106781186547,0.));
#3076=DIRECTION('center_axis',(8.55410886706686E-16,1.,0.));
#3077=DIRECTION('ref_axis',(1.,-8.55410886706686E-16,0.));
#3078=DIRECTION('',(1.,-8.55410886706686E-16,0.));
#3079=DIRECTION('',(1.,-8.55410886706686E-16,0.));
#3080=DIRECTION('center_axis',(0.,0.,-1.));
#3081=DIRECTION('ref_axis',(-1.,0.,0.));
#3082=DIRECTION('center_axis',(-0.707106781186547,0.707106781186548,0.));
#3083=DIRECTION('ref_axis',(0.707106781186548,0.707106781186547,0.));
#3084=DIRECTION('',(0.707106781186548,0.707106781186547,0.));
#3085=DIRECTION('',(0.,0.,-1.));
#3086=DIRECTION('',(0.707106781186548,0.707106781186547,0.));
#3087=DIRECTION('',(0.,0.,-1.));
#3088=DIRECTION('center_axis',(0.,-1.,0.));
#3089=DIRECTION('ref_axis',(-1.,0.,0.));
#3090=DIRECTION('',(-1.,0.,0.));
#3091=DIRECTION('',(0.,0.,-1.));
#3092=DIRECTION('',(-1.,0.,0.));
#3093=DIRECTION('center_axis',(0.707106781186547,-0.707106781186548,0.));
#3094=DIRECTION('ref_axis',(-0.707106781186548,-0.707106781186547,0.));
#3095=DIRECTION('',(-0.707106781186548,-0.707106781186547,0.));
#3096=DIRECTION('',(0.,0.,-1.));
#3097=DIRECTION('',(-0.707106781186548,-0.707106781186547,0.));
#3098=DIRECTION('center_axis',(0.494257242382258,0.869315695448257,0.));
#3099=DIRECTION('ref_axis',(0.869315695448257,-0.494257242382258,0.));
#3100=DIRECTION('',(0.869315695448257,-0.494257242382258,0.));
#3101=DIRECTION('',(0.869315695448257,-0.494257242382258,0.));
#3102=DIRECTION('center_axis',(0.,0.,-1.));
#3103=DIRECTION('ref_axis',(-1.,0.,0.));
#3104=DIRECTION('center_axis',(0.,0.,1.));
#3105=DIRECTION('ref_axis',(0.816496580927728,0.577350269189623,0.));
#3106=DIRECTION('center_axis',(-0.707106781186548,0.,0.707106781186548));
#3107=DIRECTION('ref_axis',(0.707106781186547,0.,0.707106781186547));
#3108=DIRECTION('',(0.,0.,-1.));
#3109=DIRECTION('center_axis',(0.,0.,-1.));
#3110=DIRECTION('ref_axis',(0.816496580927728,0.577350269189623,0.));
#3111=DIRECTION('',(0.,0.,1.));
#3112=DIRECTION('center_axis',(0.,0.,1.));
#3113=DIRECTION('ref_axis',(-1.,0.,0.));
#3114=DIRECTION('center_axis',(-0.707106781186548,0.,0.707106781186548));
#3115=DIRECTION('ref_axis',(-0.707106781186548,0.,-0.707106781186548));
#3116=DIRECTION('center_axis',(0.,0.,1.));
#3117=DIRECTION('ref_axis',(-1.,0.,0.));
#3118=DIRECTION('center_axis',(0.707106781186547,-8.26364451938828E-17,
-0.707106781186548));
#3119=DIRECTION('ref_axis',(-0.707106781186548,0.,-0.707106781186547));
#3120=DIRECTION('',(0.,0.,1.));
#3121=DIRECTION('center_axis',(0.,0.,1.));
#3122=DIRECTION('ref_axis',(-1.,0.,0.));
#3123=DIRECTION('center_axis',(0.,0.,1.));
#3124=DIRECTION('ref_axis',(0.816496580927728,-0.577350269189623,0.));
#3125=DIRECTION('center_axis',(-0.707106781186547,8.26364451938828E-17,
0.707106781186548));
#3126=DIRECTION('ref_axis',(0.707106781186548,-9.8130778667736E-17,0.707106781186547));
#3127=DIRECTION('',(0.,0.,-1.));
#3128=DIRECTION('center_axis',(0.,0.,-1.));
#3129=DIRECTION('ref_axis',(0.816496580927728,-0.577350269189623,0.));
#3130=DIRECTION('center_axis',(-1.,1.1686558153949E-16,0.));
#3131=DIRECTION('ref_axis',(-1.1686558153949E-16,-1.,0.));
#3132=DIRECTION('',(-1.1686558153949E-16,-1.,0.));
#3133=DIRECTION('',(0.,0.,1.));
#3134=DIRECTION('',(-1.1686558153949E-16,-1.,0.));
#3135=DIRECTION('center_axis',(0.,0.,1.));
#3136=DIRECTION('ref_axis',(0.816496580927728,0.577350269189622,0.));
#3137=DIRECTION('center_axis',(-0.707106781186547,8.26364451938828E-17,
0.707106781186548));
#3138=DIRECTION('ref_axis',(0.707106781186548,-9.8130778667736E-17,0.707106781186547));
#3139=DIRECTION('',(0.,0.,-1.));
#3140=DIRECTION('center_axis',(0.,0.,-1.));
#3141=DIRECTION('ref_axis',(0.816496580927728,0.577350269189622,0.));
#3142=DIRECTION('center_axis',(0.,0.,1.));
#3143=DIRECTION('ref_axis',(-1.,0.,0.));
#3144=DIRECTION('center_axis',(-0.707106781186547,8.26364451938828E-17,
0.707106781186548));
#3145=DIRECTION('ref_axis',(-0.707106781186548,0.,-0.707106781186547));
#3146=DIRECTION('center_axis',(0.,0.,1.));
#3147=DIRECTION('ref_axis',(-1.,0.,0.));
#3148=DIRECTION('',(0.,0.,1.));
#3149=DIRECTION('center_axis',(0.,0.,1.));
#3150=DIRECTION('ref_axis',(-1.,0.,0.));
#3151=DIRECTION('center_axis',(0.,0.,1.));
#3152=DIRECTION('ref_axis',(-0.816496580927724,0.577350269189629,0.));
#3153=DIRECTION('center_axis',(0.707106781186547,0.,0.707106781186548));
#3154=DIRECTION('ref_axis',(-0.707106781186548,-4.9065389333868E-17,0.707106781186547));
#3155=DIRECTION('',(0.,0.,-1.));
#3156=DIRECTION('center_axis',(0.,0.,-1.));
#3157=DIRECTION('ref_axis',(-0.816496580927724,0.577350269189629,0.));
#3158=DIRECTION('',(0.,0.,1.));
#3159=DIRECTION('center_axis',(1.,0.,0.));
#3160=DIRECTION('ref_axis',(0.,1.,0.));
#3161=DIRECTION('',(0.,1.,0.));
#3162=DIRECTION('',(0.,0.,1.));
#3163=DIRECTION('',(0.,-1.,0.));
#3164=DIRECTION('center_axis',(0.,0.,1.));
#3165=DIRECTION('ref_axis',(-0.30193395208261,-0.953328845981163,0.));
#3166=DIRECTION('center_axis',(0.,0.,1.));
#3167=DIRECTION('ref_axis',(-0.30193395208261,-0.953328845981163,0.));
#3168=DIRECTION('',(0.,0.,1.));
#3169=DIRECTION('center_axis',(0.349492647739059,0.614699023243366,0.707106781186543));
#3170=DIRECTION('ref_axis',(-0.349492647739055,-0.614699023243358,0.707106781186552));
#3171=DIRECTION('',(0.,0.,-1.));
#3172=DIRECTION('center_axis',(0.,0.,-1.));
#3173=DIRECTION('ref_axis',(-0.30193395208261,-0.953328845981163,0.));
#3174=DIRECTION('',(0.,0.,-1.));
#3175=DIRECTION('center_axis',(0.,0.,1.));
#3176=DIRECTION('ref_axis',(0.99711548527823,0.0758993347688839,0.));
#3177=DIRECTION('center_axis',(0.,0.,1.));
#3178=DIRECTION('ref_axis',(-1.,0.,0.));
#3179=DIRECTION('center_axis',(0.349492647739059,0.614699023243366,0.707106781186543));
#3180=DIRECTION('ref_axis',(-0.349492647739055,-0.614699023243358,0.707106781186552));
#3181=DIRECTION('center_axis',(0.,0.,1.));
#3182=DIRECTION('ref_axis',(-1.,0.,0.));
#3183=DIRECTION('center_axis',(-0.707106781186547,0.,-0.707106781186548));
#3184=DIRECTION('ref_axis',(-0.707106781186548,0.,0.707106781186547));
#3185=DIRECTION('center_axis',(0.,0.,1.));
#3186=DIRECTION('ref_axis',(-0.816496580927724,0.577350269189629,0.));
#3187=DIRECTION('center_axis',(0.707106781186547,0.,0.707106781186548));
#3188=DIRECTION('ref_axis',(-0.707106781186548,-4.9065389333868E-17,0.707106781186547));
#3189=DIRECTION('',(0.,0.,-1.));
#3190=DIRECTION('center_axis',(0.,0.,-1.));
#3191=DIRECTION('ref_axis',(-0.816496580927724,0.577350269189629,0.));
#3192=DIRECTION('',(0.,0.,1.));
#3193=DIRECTION('center_axis',(1.,0.,0.));
#3194=DIRECTION('ref_axis',(0.,1.,0.));
#3195=DIRECTION('',(0.,-1.,0.));
#3196=DIRECTION('',(0.,1.,0.));
#3197=DIRECTION('',(0.,0.,1.));
#3198=DIRECTION('',(0.,1.,0.));
#3199=DIRECTION('center_axis',(0.,1.,0.));
#3200=DIRECTION('ref_axis',(1.,0.,0.));
#3201=DIRECTION('',(1.,0.,0.));
#3202=DIRECTION('',(0.,0.,-1.));
#3203=DIRECTION('',(1.,0.,0.));
#3204=DIRECTION('',(0.,0.,-1.));
#3205=DIRECTION('center_axis',(-1.,0.,0.));
#3206=DIRECTION('ref_axis',(0.,1.,0.));
#3207=DIRECTION('',(0.,1.,0.));
#3208=DIRECTION('',(0.,0.,-1.));
#3209=DIRECTION('',(0.,1.,0.));
#3210=DIRECTION('center_axis',(0.722000994289514,0.691892017763576,0.));
#3211=DIRECTION('ref_axis',(0.691892017763576,-0.722000994289514,0.));
#3212=DIRECTION('',(0.691892017763576,-0.722000994289514,0.));
#3213=DIRECTION('',(0.,0.,-1.));
#3214=DIRECTION('',(0.691892017763576,-0.722000994289514,0.));
#3215=DIRECTION('center_axis',(-1.,0.,0.));
#3216=DIRECTION('ref_axis',(0.,1.,0.));
#3217=DIRECTION('',(0.,1.,0.));
#3218=DIRECTION('',(0.,0.,-1.));
#3219=DIRECTION('',(0.,1.,0.));
#3220=DIRECTION('center_axis',(0.,-1.,0.));
#3221=DIRECTION('ref_axis',(-1.,0.,0.));
#3222=DIRECTION('',(-1.,0.,0.));
#3223=DIRECTION('',(0.,0.,-1.));
#3224=DIRECTION('',(-1.,0.,0.));
#3225=DIRECTION('center_axis',(1.,0.,0.));
#3226=DIRECTION('ref_axis',(0.,-1.,0.));
#3227=DIRECTION('',(0.,-1.,0.));
#3228=DIRECTION('',(0.,0.,-1.));
#3229=DIRECTION('',(0.,-1.,0.));
#3230=DIRECTION('center_axis',(-0.722881710326206,-0.690971803242259,0.));
#3231=DIRECTION('ref_axis',(-0.690971803242259,0.722881710326206,0.));
#3232=DIRECTION('',(-0.690971803242259,0.722881710326206,0.));
#3233=DIRECTION('',(0.,0.,-1.));
#3234=DIRECTION('',(-0.690971803242259,0.722881710326206,0.));
#3235=DIRECTION('center_axis',(1.,0.,0.));
#3236=DIRECTION('ref_axis',(0.,-1.,0.));
#3237=DIRECTION('',(0.,-1.,0.));
#3238=DIRECTION('',(0.,-1.,0.));
#3239=DIRECTION('center_axis',(0.,0.,-1.));
#3240=DIRECTION('ref_axis',(-1.,0.,0.));
#3241=DIRECTION('center_axis',(-1.,0.,0.));
#3242=DIRECTION('ref_axis',(0.,1.,0.));
#3243=DIRECTION('',(0.,1.,0.));
#3244=DIRECTION('',(0.,0.,-1.));
#3245=DIRECTION('',(0.,1.,0.));
#3246=DIRECTION('',(0.,0.,-1.));
#3247=DIRECTION('center_axis',(0.,1.,0.));
#3248=DIRECTION('ref_axis',(1.,0.,0.));
#3249=DIRECTION('',(1.,0.,0.));
#3250=DIRECTION('',(0.,0.,-1.));
#3251=DIRECTION('',(1.,0.,0.));
#3252=DIRECTION('',(0.,0.,-1.));
#3253=DIRECTION('',(0.,0.,-1.));
#3254=DIRECTION('',(0.,0.,-1.));
#3255=DIRECTION('',(0.,0.,-1.));
#3256=DIRECTION('',(0.,0.,-1.));
#3257=DIRECTION('center_axis',(0.,-1.,0.));
#3258=DIRECTION('ref_axis',(-1.,0.,0.));
#3259=DIRECTION('',(-1.,0.,0.));
#3260=DIRECTION('',(-1.,0.,0.));
#3261=DIRECTION('center_axis',(0.,1.,0.));
#3262=DIRECTION('ref_axis',(1.,0.,0.));
#3263=DIRECTION('',(1.,0.,0.));
#3264=DIRECTION('',(0.,0.,-1.));
#3265=DIRECTION('',(1.,0.,0.));
#3266=DIRECTION('',(0.,0.,-1.));
#3267=DIRECTION('',(0.,0.,-1.));
#3268=DIRECTION('',(0.,0.,-1.));
#3269=DIRECTION('',(0.,0.,-1.));
#3270=DIRECTION('',(0.,0.,-1.));
#3271=DIRECTION('',(0.,0.,-1.));
#3272=DIRECTION('',(0.,0.,-1.));
#3273=DIRECTION('center_axis',(0.,-1.,0.));
#3274=DIRECTION('ref_axis',(-1.,0.,0.));
#3275=DIRECTION('',(-1.,0.,0.));
#3276=DIRECTION('',(0.,0.,-1.));
#3277=DIRECTION('',(-1.,0.,0.));
#3278=DIRECTION('center_axis',(1.,0.,0.));
#3279=DIRECTION('ref_axis',(0.,-1.,0.));
#3280=DIRECTION('',(0.,-1.,0.));
#3281=DIRECTION('',(0.,-1.,0.));
#3282=DIRECTION('center_axis',(0.,0.,1.));
#3283=DIRECTION('ref_axis',(1.,0.,0.));
#3284=DIRECTION('center_axis',(-0.763794048447601,0.645460030951588,0.));
#3285=DIRECTION('ref_axis',(0.645460030951588,0.763794048447601,0.));
#3286=DIRECTION('',(0.645460030951588,0.763794048447601,0.));
#3287=DIRECTION('',(0.,0.,-1.));
#3288=DIRECTION('',(0.645460030951588,0.763794048447601,0.));
#3289=DIRECTION('',(0.,0.,-1.));
#3290=DIRECTION('',(0.,0.,-1.));
#3291=DIRECTION('',(0.,0.,-1.));
#3292=DIRECTION('',(0.,0.,-1.));
#3293=DIRECTION('',(0.,0.,-1.));
#3294=DIRECTION('',(0.,0.,-1.));
#3295=DIRECTION('',(0.,0.,-1.));
#3296=DIRECTION('center_axis',(0.,1.,0.));
#3297=DIRECTION('ref_axis',(1.,0.,0.));
#3298=DIRECTION('',(1.,0.,0.));
#3299=DIRECTION('',(0.,0.,-1.));
#3300=DIRECTION('',(1.,0.,0.));
#3301=DIRECTION('',(0.,0.,-1.));
#3302=DIRECTION('',(0.,0.,-1.));
#3303=DIRECTION('',(0.,0.,-1.));
#3304=DIRECTION('',(0.,0.,-1.));
#3305=DIRECTION('',(0.,0.,-1.));
#3306=DIRECTION('',(0.,0.,-1.));
#3307=DIRECTION('center_axis',(0.771037917583818,-0.636789234871326,0.));
#3308=DIRECTION('ref_axis',(-0.636789234871326,-0.771037917583818,0.));
#3309=DIRECTION('',(-0.636789234871326,-0.771037917583818,0.));
#3310=DIRECTION('',(0.,0.,-1.));
#3311=DIRECTION('',(-0.636789234871326,-0.771037917583818,0.));
#3312=DIRECTION('center_axis',(0.,1.,0.));
#3313=DIRECTION('ref_axis',(1.,0.,0.));
#3314=DIRECTION('',(1.,0.,0.));
#3315=DIRECTION('',(0.,0.,-1.));
#3316=DIRECTION('',(1.,0.,0.));
#3317=DIRECTION('center_axis',(-1.,0.,0.));
#3318=DIRECTION('ref_axis',(0.,1.,0.));
#3319=DIRECTION('',(0.,1.,0.));
#3320=DIRECTION('',(0.,0.,-1.));
#3321=DIRECTION('',(0.,1.,0.));
#3322=DIRECTION('center_axis',(0.,-1.,0.));
#3323=DIRECTION('ref_axis',(-1.,0.,0.));
#3324=DIRECTION('',(-1.,0.,0.));
#3325=DIRECTION('',(-1.,0.,0.));
#3326=DIRECTION('center_axis',(0.,0.,1.));
#3327=DIRECTION('ref_axis',(1.,0.,0.));
#3328=DIRECTION('center_axis',(0.,-1.,0.));
#3329=DIRECTION('ref_axis',(-1.,0.,0.));
#3330=DIRECTION('',(-1.,0.,0.));
#3331=DIRECTION('',(0.,0.,-1.));
#3332=DIRECTION('',(-1.,0.,0.));
#3333=DIRECTION('',(0.,0.,-1.));
#3334=DIRECTION('center_axis',(1.,0.,0.));
#3335=DIRECTION('ref_axis',(0.,-1.,0.));
#3336=DIRECTION('',(0.,-1.,0.));
#3337=DIRECTION('',(0.,0.,-1.));
#3338=DIRECTION('',(0.,-1.,0.));
#3339=DIRECTION('center_axis',(0.,1.,0.));
#3340=DIRECTION('ref_axis',(1.,0.,0.));
#3341=DIRECTION('',(1.,0.,0.));
#3342=DIRECTION('',(0.,0.,-1.));
#3343=DIRECTION('',(1.,0.,0.));
#3344=DIRECTION('center_axis',(-1.,0.,0.));
#3345=DIRECTION('ref_axis',(0.,1.,0.));
#3346=DIRECTION('',(0.,1.,0.));
#3347=DIRECTION('',(0.,1.,0.));
#3348=DIRECTION('center_axis',(0.,0.,-1.));
#3349=DIRECTION('ref_axis',(-1.,0.,0.));
#3350=DIRECTION('center_axis',(0.,0.,1.));
#3351=DIRECTION('ref_axis',(1.,0.,0.));
#3352=DIRECTION('center_axis',(0.,0.,1.));
#3353=DIRECTION('ref_axis',(1.,0.,0.));
#3354=DIRECTION('center_axis',(0.,0.,1.));
#3355=DIRECTION('ref_axis',(-1.,0.,0.));
#3356=DIRECTION('center_axis',(0.,1.,0.));
#3357=DIRECTION('ref_axis',(1.,0.,0.));
#3358=DIRECTION('',(0.,0.,1.));
#3359=DIRECTION('',(1.,0.,0.));
#3360=DIRECTION('',(0.,0.,-1.));
#3361=DIRECTION('',(-1.,0.,0.));
#3362=DIRECTION('center_axis',(-1.,0.,0.));
#3363=DIRECTION('ref_axis',(0.,1.,0.));
#3364=DIRECTION('',(0.,-1.,0.));
#3365=DIRECTION('',(0.,1.,0.));
#3366=DIRECTION('',(0.,0.,-1.));
#3367=DIRECTION('center_axis',(0.,0.,-1.));
#3368=DIRECTION('ref_axis',(-1.,0.,0.));
#3369=DIRECTION('',(0.,1.,0.));
#3370=DIRECTION('',(-1.,0.,0.));
#3371=DIRECTION('',(-1.,0.,0.));
#3372=DIRECTION('center_axis',(-1.,0.,0.));
#3373=DIRECTION('ref_axis',(0.,-1.,0.));
#3374=DIRECTION('',(0.,0.,1.));
#3375=DIRECTION('',(0.,1.,0.));
#3376=DIRECTION('',(0.,0.,1.));
#3377=DIRECTION('center_axis',(0.707106781186547,0.,0.707106781186548));
#3378=DIRECTION('ref_axis',(0.707106781186548,0.,-0.707106781186547));
#3379=DIRECTION('',(0.707106781186548,0.,-0.707106781186547));
#3380=DIRECTION('',(0.,-1.,0.));
#3381=DIRECTION('center_axis',(0.,-1.,0.));
#3382=DIRECTION('ref_axis',(1.,0.,0.));
#3383=DIRECTION('',(1.,0.,0.));
#3384=DIRECTION('',(0.707106781186548,0.,0.707106781186548));
#3385=DIRECTION('',(0.,0.,1.));
#3386=DIRECTION('',(-1.,0.,0.));
#3387=DIRECTION('',(0.,0.,1.));
#3388=DIRECTION('',(-1.,0.,0.));
#3389=DIRECTION('',(-1.,0.,0.));
#3390=DIRECTION('',(0.,0.,1.));
#3391=DIRECTION('',(-1.,0.,0.));
#3392=DIRECTION('center_axis',(0.,0.,1.));
#3393=DIRECTION('ref_axis',(1.,0.,0.));
#3394=DIRECTION('',(0.869315695448257,-0.494257242382257,0.));
#3395=DIRECTION('',(0.,-1.,0.));
#3396=DIRECTION('',(-0.869315695448256,-0.494257242382259,0.));
#3397=DIRECTION('',(0.,-1.,0.));
#3398=DIRECTION('center_axis',(0.,0.,1.));
#3399=DIRECTION('ref_axis',(-1.,0.,0.));
#3400=DIRECTION('',(-1.,0.,0.));
#3401=DIRECTION('',(1.1686558153949E-16,1.,0.));
#3402=DIRECTION('',(0.,1.,0.));
#3403=DIRECTION('center_axis',(0.,0.,-1.));
#3404=DIRECTION('ref_axis',(-1.,0.,0.));
#3405=DIRECTION('',(1.60659725421595E-10,1.,0.));
#3406=DIRECTION('center_axis',(0.,0.,-1.));
#3407=DIRECTION('ref_axis',(-1.,0.,0.));
#3408=DIRECTION('',(-3.06733196347313E-16,-1.,0.));
#3409=DIRECTION('center_axis',(0.,0.,-1.));
#3410=DIRECTION('ref_axis',(-1.,0.,0.));
#3411=DIRECTION('center_axis',(0.,0.,-1.));
#3412=DIRECTION('ref_axis',(-1.,0.,0.));
#3413=DIRECTION('center_axis',(0.,0.,-1.));
#3414=DIRECTION('ref_axis',(-1.,0.,0.));
#3415=DIRECTION('center_axis',(0.,0.,-1.));
#3416=DIRECTION('ref_axis',(-1.,0.,0.));
#3417=DIRECTION('center_axis',(-0.707106781186547,8.26364451938828E-17,
0.707106781186548));
#3418=DIRECTION('ref_axis',(0.707106781186548,0.,0.707106781186547));
#3419=DIRECTION('center_axis',(-0.707106781186548,0.,0.707106781186548));
#3420=DIRECTION('ref_axis',(0.707106781186548,0.,0.707106781186548));
#3421=DIRECTION('',(0.,-1.,0.));
#3422=DIRECTION('center_axis',(-1.,0.,0.));
#3423=DIRECTION('ref_axis',(0.,-1.,0.));
#3424=DIRECTION('',(0.,1.,0.));
#3425=DIRECTION('center_axis',(0.707106781186547,0.,0.707106781186548));
#3426=DIRECTION('ref_axis',(0.707106781186548,0.,-0.707106781186547));
#3427=DIRECTION('center_axis',(-0.707106781186547,0.,-0.707106781186548));
#3428=DIRECTION('ref_axis',(-0.707106781186548,0.,0.707106781186547));
#3429=DIRECTION('',(0.653936001892607,-0.380441074093514,-0.653936001892606));
#3430=DIRECTION('center_axis',(0.349492647739059,-0.614699023243362,0.707106781186547));
#3431=DIRECTION('ref_axis',(0.896477008486526,0.,-0.443090254073648));
#3432=DIRECTION('',(0.869315695448256,0.494257242382259,0.));
#3433=DIRECTION('',(0.653936001892607,-0.380441074093514,-0.653936001892606));
#3434=DIRECTION('center_axis',(0.707106781186547,0.,0.707106781186548));
#3435=DIRECTION('ref_axis',(0.707106781186548,0.,-0.707106781186547));
#3436=DIRECTION('',(0.,1.,0.));
#3437=DIRECTION('',(0.653936001892608,0.380441074093509,-0.653936001892607));
#3438=DIRECTION('center_axis',(0.349492647739059,0.614699023243366,0.707106781186543));
#3439=DIRECTION('ref_axis',(0.896477008486525,0.,-0.44309025407365));
#3440=DIRECTION('',(-0.869315695448257,0.494257242382257,0.));
#3441=DIRECTION('center_axis',(0.494257242382259,-0.869315695448256,0.));
#3442=DIRECTION('ref_axis',(0.869315695448256,0.494257242382259,0.));
#3443=DIRECTION('',(0.,0.,1.));
#3444=DIRECTION('',(0.,0.,1.));
#3445=DIRECTION('',(-0.869315695448256,-0.494257242382259,0.));
#3446=DIRECTION('',(0.,0.,1.));
#3447=DIRECTION('',(0.869315695448256,0.494257242382259,0.));
#3448=DIRECTION('center_axis',(1.,0.,0.));
#3449=DIRECTION('ref_axis',(0.,1.,0.));
#3450=DIRECTION('',(0.,0.,1.));
#3451=DIRECTION('',(0.,-1.,0.));
#3452=DIRECTION('center_axis',(0.494257242382257,0.869315695448257,0.));
#3453=DIRECTION('ref_axis',(-0.869315695448257,0.494257242382257,0.));
#3454=DIRECTION('',(-0.869315695448257,0.494257242382257,0.));
#3455=DIRECTION('',(0.,0.,1.));
#3456=DIRECTION('',(0.869315695448257,-0.494257242382257,0.));
#3457=DIRECTION('',(0.,0.,1.));
#3458=DIRECTION('center_axis',(-1.,3.06733196347313E-16,0.));
#3459=DIRECTION('ref_axis',(-3.06733196347313E-16,-1.,0.));
#3460=DIRECTION('',(3.06733196347313E-16,1.,0.));
#3461=DIRECTION('',(0.,0.,1.));
#3462=DIRECTION('',(0.,0.,1.));
#3463=DIRECTION('center_axis',(0.,0.,1.));
#3464=DIRECTION('ref_axis',(-1.,0.,0.));
#3465=DIRECTION('center_axis',(0.,0.,1.));
#3466=DIRECTION('ref_axis',(-1.,0.,0.));
#3467=DIRECTION('',(0.,0.,1.));
#3468=DIRECTION('center_axis',(1.,-1.60659725421595E-10,0.));
#3469=DIRECTION('ref_axis',(1.60659725421595E-10,1.,0.));
#3470=DIRECTION('',(-1.60659725421595E-10,-1.,0.));
#3471=DIRECTION('',(0.,0.,1.));
#3472=DIRECTION('center_axis',(0.,0.,1.));
#3473=DIRECTION('ref_axis',(-1.,0.,0.));
#3474=DIRECTION('center_axis',(0.,0.,1.));
#3475=DIRECTION('ref_axis',(-1.,0.,0.));
#3476=DIRECTION('center_axis',(0.,0.,1.));
#3477=DIRECTION('ref_axis',(1.,0.,0.));
#3478=DIRECTION('',(4.73585515971488E-17,1.,0.));
#3479=DIRECTION('',(0.86602540378444,0.499999999999998,0.));
#3480=DIRECTION('',(0.,1.,0.));
#3481=DIRECTION('',(-1.,0.,0.));
#3482=DIRECTION('',(0.,1.,0.));
#3483=DIRECTION('',(1.,0.,0.));
#3484=DIRECTION('',(0.,1.,0.));
#3485=DIRECTION('center_axis',(0.,0.,1.));
#3486=DIRECTION('ref_axis',(-1.,0.,0.));
#3487=DIRECTION('',(0.,1.,0.));
#3488=DIRECTION('',(1.,0.,0.));
#3489=DIRECTION('',(0.,-1.,0.));
#3490=DIRECTION('',(0.,-1.,0.));
#3491=DIRECTION('center_axis',(0.,0.,1.));
#3492=DIRECTION('ref_axis',(1.,0.,0.));
#3493=DIRECTION('',(-1.,0.,0.));
#3494=DIRECTION('',(0.,1.,0.));
#3495=DIRECTION('',(0.,1.,0.));
#3496=DIRECTION('center_axis',(0.,0.,1.));
#3497=DIRECTION('ref_axis',(1.,0.,0.));
#3498=DIRECTION('',(-4.73585515971488E-17,-1.,0.));
#3499=DIRECTION('',(-1.,0.,0.));
#3500=DIRECTION('',(0.,-1.,0.));
#3501=DIRECTION('center_axis',(0.,0.,-1.));
#3502=DIRECTION('ref_axis',(-1.,0.,0.));
#3503=DIRECTION('',(0.,-1.,0.));
#3504=DIRECTION('',(-1.,0.,0.));
#3505=DIRECTION('center_axis',(0.,0.,1.));
#3506=DIRECTION('ref_axis',(-1.,0.,0.));
#3507=DIRECTION('center_axis',(0.,0.,1.));
#3508=DIRECTION('ref_axis',(-1.,0.,0.));
#3509=DIRECTION('',(0.,0.,-1.));
#3510=DIRECTION('center_axis',(-1.,0.,0.));
#3511=DIRECTION('ref_axis',(0.,-1.,0.));
#3512=DIRECTION('',(0.,0.,1.));
#3513=DIRECTION('center_axis',(1.,0.,0.));
#3514=DIRECTION('ref_axis',(0.,1.,0.));
#3515=DIRECTION('',(0.,0.,-1.));
#3516=DIRECTION('',(0.,0.,1.));
#3517=DIRECTION('center_axis',(0.,0.,1.));
#3518=DIRECTION('ref_axis',(1.,-1.22464679914735E-16,0.));
#3519=DIRECTION('',(0.,0.,1.));
#3520=DIRECTION('center_axis',(1.,0.,0.));
#3521=DIRECTION('ref_axis',(0.,1.,0.));
#3522=DIRECTION('',(0.,0.,1.));
#3523=DIRECTION('center_axis',(0.,-1.,0.));
#3524=DIRECTION('ref_axis',(1.,0.,0.));
#3525=DIRECTION('',(0.,0.,1.));
#3526=DIRECTION('center_axis',(0.,1.,0.));
#3527=DIRECTION('ref_axis',(-1.,0.,0.));
#3528=DIRECTION('',(1.,0.,0.));
#3529=DIRECTION('',(0.,0.,-1.));
#3530=DIRECTION('',(0.,0.,1.));
#3531=DIRECTION('center_axis',(1.,0.,0.));
#3532=DIRECTION('ref_axis',(0.,1.,0.));
#3533=DIRECTION('',(0.,-1.,0.));
#3534=DIRECTION('',(0.,0.,1.));
#3535=DIRECTION('center_axis',(0.499999999999998,-0.86602540378444,0.));
#3536=DIRECTION('ref_axis',(0.86602540378444,0.499999999999998,0.));
#3537=DIRECTION('',(-0.86602540378444,-0.499999999999998,0.));
#3538=DIRECTION('',(0.,0.,1.));
#3539=DIRECTION('center_axis',(0.,0.,1.));
#3540=DIRECTION('ref_axis',(1.,0.,0.));
#3541=DIRECTION('',(-4.73585515971488E-17,-1.,0.));
#3542=DIRECTION('center_axis',(1.,-4.73585515971488E-17,0.));
#3543=DIRECTION('ref_axis',(4.73585515971488E-17,1.,0.));
#3544=DIRECTION('',(-4.73585515971488E-17,-1.,0.));
#3545=DIRECTION('',(0.,0.,1.));
#3546=DIRECTION('center_axis',(0.,1.,0.));
#3547=DIRECTION('ref_axis',(-1.,0.,0.));
#3548=DIRECTION('',(0.,0.,1.));
#3549=DIRECTION('',(1.,0.,0.));
#3550=DIRECTION('center_axis',(0.,0.,1.));
#3551=DIRECTION('ref_axis',(0.965925826289068,-0.258819045102521,0.));
#3552=DIRECTION('center_axis',(0.,0.,1.));
#3553=DIRECTION('ref_axis',(-1.,0.,0.));
#3554=DIRECTION('center_axis',(0.,0.,1.));
#3555=DIRECTION('ref_axis',(1.,0.,0.));
#3556=DIRECTION('',(0.,1.,0.));
#3557=DIRECTION('',(-1.,0.,0.));
#3558=DIRECTION('',(0.,1.,0.));
#3559=DIRECTION('center_axis',(0.,-1.,0.));
#3560=DIRECTION('ref_axis',(1.,0.,0.));
#3561=DIRECTION('',(0.,0.,1.));
#3562=DIRECTION('center_axis',(-1.,0.,0.));
#3563=DIRECTION('ref_axis',(0.,-1.,0.));
#3564=DIRECTION('center_axis',(0.,0.,1.));
#3565=DIRECTION('ref_axis',(1.,0.,0.));
#3566=DIRECTION('',(0.,-1.,0.));
#3567=DIRECTION('center_axis',(0.,-1.,0.));
#3568=DIRECTION('ref_axis',(1.,0.,0.));
#3569=DIRECTION('',(-1.,0.,0.));
#3570=DIRECTION('',(0.,0.,1.));
#3571=DIRECTION('center_axis',(0.,0.,1.));
#3572=DIRECTION('ref_axis',(-1.,0.,0.));
#3573=DIRECTION('',(0.,0.,-1.));
#3574=DIRECTION('center_axis',(0.,0.,-1.));
#3575=DIRECTION('ref_axis',(-1.,0.,0.));
#3576=DIRECTION('center_axis',(0.,0.,1.));
#3577=DIRECTION('ref_axis',(-1.,0.,0.));
#3578=DIRECTION('',(0.,0.,-1.));
#3579=DIRECTION('center_axis',(0.,0.,-1.));
#3580=DIRECTION('ref_axis',(-1.,0.,0.));
#3581=DIRECTION('center_axis',(0.,0.,1.));
#3582=DIRECTION('ref_axis',(-1.,0.,0.));
#3583=DIRECTION('',(0.,0.,-1.));
#3584=DIRECTION('center_axis',(0.,0.,-1.));
#3585=DIRECTION('ref_axis',(-1.,0.,0.));
#3586=DIRECTION('center_axis',(0.,0.,1.));
#3587=DIRECTION('ref_axis',(-1.,0.,0.));
#3588=DIRECTION('',(0.,0.,-1.));
#3589=DIRECTION('center_axis',(0.,0.,-1.));
#3590=DIRECTION('ref_axis',(-1.,0.,0.));
#3591=DIRECTION('center_axis',(-1.,0.,0.));
#3592=DIRECTION('ref_axis',(0.,-1.,0.));
#3593=DIRECTION('',(0.,1.,0.));
#3594=DIRECTION('center_axis',(0.,0.,1.));
#3595=DIRECTION('ref_axis',(-1.,0.,0.));
#3596=CARTESIAN_POINT('',(0.,0.,0.));
#3597=CARTESIAN_POINT('Origin',(24.455359410719,-48.4260331071148,6.37));
#3598=CARTESIAN_POINT('',(24.455359410719,-48.4260331071148,6.37));
#3599=CARTESIAN_POINT('',(14.5566147682838,-58.32477774955,6.37));
#3600=CARTESIAN_POINT('',(22.1740914619466,-50.7073010558872,6.37));
#3601=CARTESIAN_POINT('',(24.455359410719,-48.4260331071148,5.77));
#3602=CARTESIAN_POINT('',(24.455359410719,-48.4260331071148,6.37));
#3603=CARTESIAN_POINT('',(14.5566147682838,-58.32477774955,5.77));
#3604=CARTESIAN_POINT('',(32.7566147682838,-40.12477774955,5.77));
#3605=CARTESIAN_POINT('',(14.5566147682838,-58.32477774955,6.37));
#3606=CARTESIAN_POINT('Origin',(24.455359410719,-45.3149219960037,6.37));
#3607=CARTESIAN_POINT('',(24.455359410719,-45.3149219960037,6.37));
#3608=CARTESIAN_POINT('',(24.455359410719,-47.2698498727769,6.37));
#3609=CARTESIAN_POINT('',(24.455359410719,-45.3149219960037,5.77));
#3610=CARTESIAN_POINT('',(24.455359410719,-45.3149219960037,6.37));
#3611=CARTESIAN_POINT('',(24.455359410719,-56.7461852614041,5.77));
#3612=CARTESIAN_POINT('Origin',(14.24699009398,-55.5232913127427,6.37));
#3613=CARTESIAN_POINT('',(14.24699009398,-55.5232913127427,6.37));
#3614=CARTESIAN_POINT('',(16.2921290257993,-53.4781523809234,6.37));
#3615=CARTESIAN_POINT('',(14.24699009398,-55.5232913127427,5.77));
#3616=CARTESIAN_POINT('',(14.24699009398,-55.5232913127427,6.37));
#3617=CARTESIAN_POINT('',(29.6455036571727,-40.12477774955,5.77));
#3618=CARTESIAN_POINT('Origin',(14.24699009398,-57.5311404633253,6.37));
#3619=CARTESIAN_POINT('',(14.24699009398,-57.5311404633253,6.37));
#3620=CARTESIAN_POINT('',(14.24699009398,-53.3779591064376,6.37));
#3621=CARTESIAN_POINT('',(14.24699009398,-57.5311404633253,5.77));
#3622=CARTESIAN_POINT('',(14.24699009398,-57.5311404633253,6.37));
#3623=CARTESIAN_POINT('',(14.24699009398,-50.292125984252,5.77));
#3624=CARTESIAN_POINT('Origin',(7.74699009398,-57.531140462281,6.37));
#3625=CARTESIAN_POINT('',(14.1983573797774,-58.32477774955,6.37));
#3626=CARTESIAN_POINT('Origin',(7.74699009398,-57.531140462281,6.37));
#3627=CARTESIAN_POINT('',(14.1983573797774,-58.32477774955,5.77));
#3628=CARTESIAN_POINT('',(14.1983573797774,-58.32477774955,6.37));
#3629=CARTESIAN_POINT('Origin',(7.74699009398,-57.531140462281,5.77));
#3630=CARTESIAN_POINT('Origin',(14.5566147682838,-58.32477774955,6.37));
#3631=CARTESIAN_POINT('',(15.3428235131741,-58.32477774955,6.37));
#3632=CARTESIAN_POINT('',(4.38201127626827,-58.32477774955,5.77));
#3633=CARTESIAN_POINT('Origin',(19.3268583952482,-51.8198498727769,5.77));
#3634=CARTESIAN_POINT('Origin',(18.80270510541,-44.7453540790905,6.37));
#3635=CARTESIAN_POINT('',(18.80270510541,-44.7453540790905,6.37));
#3636=CARTESIAN_POINT('',(23.4232814349504,-40.12477774955,6.37));
#3637=CARTESIAN_POINT('',(17.0144309759587,-46.5336282085417,6.37));
#3638=CARTESIAN_POINT('',(18.80270510541,-44.7453540790905,5.77));
#3639=CARTESIAN_POINT('',(18.80270510541,-44.7453540790905,6.37));
#3640=CARTESIAN_POINT('',(23.4232814349504,-40.12477774955,5.77));
#3641=CARTESIAN_POINT('',(23.4232814349504,-40.12477774955,5.77));
#3642=CARTESIAN_POINT('',(23.4232814349504,-40.12477774955,6.37));
#3643=CARTESIAN_POINT('Origin',(18.80270510541,-45.7921259845428,6.37));
#3644=CARTESIAN_POINT('',(18.80270510541,-45.7921259845428,6.37));
#3645=CARTESIAN_POINT('',(18.80270510541,-47.5084518670464,6.37));
#3646=CARTESIAN_POINT('',(18.80270510541,-45.7921259845428,5.77));
#3647=CARTESIAN_POINT('',(18.80270510541,-45.7921259845428,6.37));
#3648=CARTESIAN_POINT('',(18.80270510541,-45.7921259845428,5.77));
#3649=CARTESIAN_POINT('Origin',(17.80270510541,-45.7921259845428,6.37));
#3650=CARTESIAN_POINT('',(17.80270510541,-46.7921259845427,6.37));
#3651=CARTESIAN_POINT('Origin',(17.80270510541,-45.7921259845428,6.37));
#3652=CARTESIAN_POINT('',(17.80270510541,-46.7921259845427,5.77));
#3653=CARTESIAN_POINT('',(17.80270510541,-46.7921259845427,6.37));
#3654=CARTESIAN_POINT('Origin',(17.80270510541,-45.7921259845428,5.77));
#3655=CARTESIAN_POINT('Origin',(16.7559331999577,-46.7921259845427,6.37));
#3656=CARTESIAN_POINT('',(16.7559331999577,-46.7921259845427,6.37));
#3657=CARTESIAN_POINT('',(16.4424827290111,-46.7921259845427,6.37));
#3658=CARTESIAN_POINT('',(16.7559331999577,-46.7921259845427,5.77));
#3659=CARTESIAN_POINT('',(16.7559331999577,-46.7921259845427,6.37));
#3660=CARTESIAN_POINT('',(5.52563101357194,-46.7921259845427,5.77));
#3661=CARTESIAN_POINT('Origin',(14.1808483436948,-49.3672108408056,6.37));
#3662=CARTESIAN_POINT('',(14.1808483436948,-49.3672108408056,6.37));
#3663=CARTESIAN_POINT('',(14.7035025951012,-48.8445565893993,6.37));
#3664=CARTESIAN_POINT('',(14.1808483436948,-49.3672108408056,5.77));
#3665=CARTESIAN_POINT('',(14.1808483436948,-49.3672108408056,6.37));
#3666=CARTESIAN_POINT('',(23.4232814349504,-40.12477774955,5.77));
#3667=CARTESIAN_POINT('Origin',(7.74699009398,-50.292125984252,6.37));
#3668=CARTESIAN_POINT('',(14.24699009398,-50.292125984252,6.37));
#3669=CARTESIAN_POINT('Origin',(7.74699009398,-50.292125984252,6.37));
#3670=CARTESIAN_POINT('',(14.24699009398,-50.292125984252,5.77));
#3671=CARTESIAN_POINT('',(14.24699009398,-50.292125984252,6.37));
#3672=CARTESIAN_POINT('Origin',(7.74699009398,-50.292125984252,5.77));
#3673=CARTESIAN_POINT('Origin',(14.24699009398,-52.4121802016316,6.37));
#3674=CARTESIAN_POINT('',(14.24699009398,-52.4121802016316,6.37));
#3675=CARTESIAN_POINT('',(14.24699009398,-50.8184789755908,6.37));
#3676=CARTESIAN_POINT('',(14.24699009398,-52.4121802016316,5.77));
#3677=CARTESIAN_POINT('',(14.24699009398,-52.4121802016316,6.37));
#3678=CARTESIAN_POINT('',(14.24699009398,-50.292125984252,5.77));
#3679=CARTESIAN_POINT('Origin',(26.5343925460615,-40.12477774955,6.37));
#3680=CARTESIAN_POINT('',(26.5343925460615,-40.12477774955,6.37));
#3681=CARTESIAN_POINT('',(21.6580524740623,-45.0011178215493,6.37));
#3682=CARTESIAN_POINT('',(26.5343925460615,-40.12477774955,5.77));
#3683=CARTESIAN_POINT('',(26.5343925460615,-40.12477774955,6.37));
#3684=CARTESIAN_POINT('',(26.5343925460615,-40.12477774955,5.77));
#3685=CARTESIAN_POINT('Origin',(23.4232814349504,-40.12477774955,6.37));
#3686=CARTESIAN_POINT('',(19.7761568465075,-40.12477774955,6.37));
#3687=CARTESIAN_POINT('',(5.76826872176481,-40.12477774955,5.77));
#3688=CARTESIAN_POINT('Origin',(20.3576204448782,-46.2684789755908,5.77));
#3689=CARTESIAN_POINT('Origin',(17.6677258793949,-58.32477774955,6.37));
#3690=CARTESIAN_POINT('',(17.6677258793949,-58.32477774955,6.37));
#3691=CARTESIAN_POINT('',(24.455359410719,-51.5371442182259,6.37));
#3692=CARTESIAN_POINT('',(19.5580524740623,-56.4344511548826,6.37));
#3693=CARTESIAN_POINT('',(17.6677258793949,-58.32477774955,5.77));
#3694=CARTESIAN_POINT('',(17.6677258793949,-58.32477774955,6.37));
#3695=CARTESIAN_POINT('',(24.455359410719,-51.5371442182259,5.77));
#3696=CARTESIAN_POINT('',(35.8677258793949,-40.12477774955,5.77));
#3697=CARTESIAN_POINT('',(24.455359410719,-51.5371442182259,6.37));
#3698=CARTESIAN_POINT('Origin',(20.778836990506,-58.32477774955,6.37));
#3699=CARTESIAN_POINT('',(20.778836990506,-58.32477774955,6.37));
#3700=CARTESIAN_POINT('',(18.4539346242852,-58.32477774955,6.37));
#3701=CARTESIAN_POINT('',(20.778836990506,-58.32477774955,5.77));
#3702=CARTESIAN_POINT('',(20.778836990506,-58.32477774955,6.37));
#3703=CARTESIAN_POINT('',(4.38201127626827,-58.32477774955,5.77));
#3704=CARTESIAN_POINT('Origin',(24.455359410719,-54.648255329337,6.37));
#3705=CARTESIAN_POINT('',(24.455359410719,-54.648255329337,6.37));
#3706=CARTESIAN_POINT('',(23.7296470175021,-55.3739677225539,6.37));
#3707=CARTESIAN_POINT('',(24.455359410719,-54.648255329337,5.77));
#3708=CARTESIAN_POINT('',(24.455359410719,-54.648255329337,6.37));
#3709=CARTESIAN_POINT('',(38.978836990506,-40.12477774955,5.77));
#3710=CARTESIAN_POINT('Origin',(24.455359410719,-51.5371442182259,6.37));
#3711=CARTESIAN_POINT('',(24.455359410719,-50.380960983888,6.37));
#3712=CARTESIAN_POINT('',(24.455359410719,-56.7461852614041,5.77));
#3713=CARTESIAN_POINT('Origin',(21.0615426450569,-54.930960983888,5.77));
#3714=CARTESIAN_POINT('Origin',(18.80270510541,-41.6342429679794,6.37));
#3715=CARTESIAN_POINT('',(18.80270510541,-41.6342429679794,6.37));
#3716=CARTESIAN_POINT('',(18.80270510541,-40.12477774955,6.37));
#3717=CARTESIAN_POINT('',(18.80270510541,-45.4295103587647,6.37));
#3718=CARTESIAN_POINT('',(18.80270510541,-41.6342429679794,5.77));
#3719=CARTESIAN_POINT('',(18.80270510541,-41.6342429679794,6.37));
#3720=CARTESIAN_POINT('',(18.80270510541,-40.12477774955,5.77));
#3721=CARTESIAN_POINT('',(18.80270510541,-45.7921259845428,5.77));
#3722=CARTESIAN_POINT('',(18.80270510541,-40.12477774955,6.37));
#3723=CARTESIAN_POINT('Origin',(20.3121703238393,-40.12477774955,6.37));
#3724=CARTESIAN_POINT('',(20.3121703238393,-40.12477774955,6.37));
#3725=CARTESIAN_POINT('',(16.9913858073956,-43.4455622659937,6.37));
#3726=CARTESIAN_POINT('',(20.3121703238393,-40.12477774955,5.77));
#3727=CARTESIAN_POINT('',(20.3121703238393,-40.12477774955,6.37));
#3728=CARTESIAN_POINT('',(20.3121703238393,-40.12477774955,5.77));
#3729=CARTESIAN_POINT('Origin',(18.80270510541,-40.12477774955,6.37));
#3730=CARTESIAN_POINT('',(17.4658686817373,-40.12477774955,6.37));
#3731=CARTESIAN_POINT('',(-0.453953500457409,-40.12477774955,5.77));
#3732=CARTESIAN_POINT('Origin',(19.5574377146247,-40.8795103587647,5.77));
#3733=CARTESIAN_POINT('Origin',(23.8899481016171,-58.32477774955,6.37));
#3734=CARTESIAN_POINT('',(23.8899481016171,-58.32477774955,6.37));
#3735=CARTESIAN_POINT('',(25.1012906087062,-57.113435242461,6.37));
#3736=CARTESIAN_POINT('',(24.2247191407289,-57.9900067104382,6.37));
#3737=CARTESIAN_POINT('',(23.8899481016171,-58.32477774955,5.77));
#3738=CARTESIAN_POINT('',(23.8899481016171,-58.32477774955,6.37));
#3739=CARTESIAN_POINT('',(25.1012906087062,-57.113435242461,5.77));
#3740=CARTESIAN_POINT('',(42.0899481016171,-40.12477774955,5.77));
#3741=CARTESIAN_POINT('',(25.1012906087062,-57.113435242461,6.37));
#3742=CARTESIAN_POINT('Origin',(27.0010592127282,-58.32477774955,6.37));
#3743=CARTESIAN_POINT('',(27.0010592127282,-58.32477774955,6.37));
#3744=CARTESIAN_POINT('',(21.5650457353963,-58.32477774955,6.37));
#3745=CARTESIAN_POINT('',(27.0010592127282,-58.32477774955,5.77));
#3746=CARTESIAN_POINT('',(27.0010592127282,-58.32477774955,6.37));
#3747=CARTESIAN_POINT('',(4.38201127626827,-58.32477774955,5.77));
#3748=CARTESIAN_POINT('Origin',(27.0847105227706,-58.2411264395076,6.37));
#3749=CARTESIAN_POINT('',(27.0847105227706,-58.2411264395076,6.37));
#3750=CARTESIAN_POINT('',(26.5998781290835,-58.7259588331948,6.37));
#3751=CARTESIAN_POINT('',(27.0847105227706,-58.2411264395076,5.77));
#3752=CARTESIAN_POINT('',(27.0847105227706,-58.2411264395076,6.37));
#3753=CARTESIAN_POINT('',(45.2010592127282,-40.12477774955,5.77));
#3754=CARTESIAN_POINT('Origin',(25.1012906087062,-57.113435242461,6.37));
#3755=CARTESIAN_POINT('',(20.0163366317495,-54.2223390118846,6.37));
#3756=CARTESIAN_POINT('',(27.2318391645567,-58.32477774955,5.77));
#3757=CARTESIAN_POINT('Origin',(25.4873293121938,-57.7191064960055,5.77));
#3758=CARTESIAN_POINT('Origin',(-0.197294894589998,-60.9532048742962,0.1));
#3759=CARTESIAN_POINT('',(0.802705105410002,-60.9532048742962,5.37));
#3760=CARTESIAN_POINT('',(0.136038438743334,-60.0103958327141,4.70333333333333));
#3761=CARTESIAN_POINT('Origin',(-0.197294894589998,-60.9532048742962,4.37));
#3762=CARTESIAN_POINT('',(0.136038438743334,-60.0103958327141,0.1));
#3763=CARTESIAN_POINT('',(0.136038438743334,-60.0103958327141,0.1));
#3764=CARTESIAN_POINT('',(0.802705105410002,-60.9532048742962,0.1));
#3765=CARTESIAN_POINT('Origin',(-0.197294894589998,-60.9532048742962,0.1));
#3766=CARTESIAN_POINT('',(0.802705105410002,-60.9532048742962,0.1));
#3767=CARTESIAN_POINT('Origin',(0.802705105409998,-58.12477774955,0.1));
#3768=CARTESIAN_POINT('',(1.80270510541,-59.8568285571189,6.37));
#3769=CARTESIAN_POINT('Origin',(0.802705105409998,-58.12477774955,5.37));
#3770=CARTESIAN_POINT('',(1.80270510541,-56.3927269419811,6.37));
#3771=CARTESIAN_POINT('Origin',(0.802705105409998,-58.12477774955,6.37));
#3772=CARTESIAN_POINT('',(0.136038438743332,-56.2391596663859,4.70333333333333));
#3773=CARTESIAN_POINT('Origin',(0.802705105409998,-58.12477774955,5.37));
#3774=CARTESIAN_POINT('',(0.136038438743332,-56.2391596663859,0.1));
#3775=CARTESIAN_POINT('',(0.136038438743332,-56.2391596663859,0.1));
#3776=CARTESIAN_POINT('Origin',(0.802705105409998,-58.12477774955,0.1));
#3777=CARTESIAN_POINT('Origin',(-0.197294894590002,-55.2963506248038,0.1));
#3778=CARTESIAN_POINT('',(0.802705105409998,-55.2963506248038,5.37));
#3779=CARTESIAN_POINT('Origin',(-0.197294894590002,-55.2963506248038,4.37));
#3780=CARTESIAN_POINT('',(0.802705105409998,-55.2963506248038,0.1));
#3781=CARTESIAN_POINT('',(0.802705105409998,-55.2963506248038,0.1));
#3782=CARTESIAN_POINT('Origin',(-0.197294894590002,-55.2963506248038,0.1));
#3783=CARTESIAN_POINT('Origin',(0.80270510541,-41.12477774955,0.1));
#3784=CARTESIAN_POINT('',(0.80270510541,-41.9532048742962,5.37));
#3785=CARTESIAN_POINT('',(0.802705105409999,-45.17477774955,5.37));
#3786=CARTESIAN_POINT('',(0.80270510541,-41.9532048742962,0.1));
#3787=CARTESIAN_POINT('',(0.80270510541,-41.9532048742962,0.1));
#3788=CARTESIAN_POINT('',(0.80270510541,-39.12477774955,0.1));
#3789=CARTESIAN_POINT('Origin',(-0.19729489459,-41.9532048742962,0.1));
#3790=CARTESIAN_POINT('',(0.136038438743333,-41.0103958327141,4.70333333333333));
#3791=CARTESIAN_POINT('Origin',(-0.19729489459,-41.9532048742962,4.37));
#3792=CARTESIAN_POINT('',(0.136038438743332,-41.0103958327141,0.1));
#3793=CARTESIAN_POINT('',(0.136038438743333,-41.0103958327141,0.1));
#3794=CARTESIAN_POINT('Origin',(-0.19729489459,-41.9532048742962,0.1));
#3795=CARTESIAN_POINT('Origin',(0.80270510541,-39.12477774955,0.1));
#3796=CARTESIAN_POINT('',(1.80270510541,-40.8568285571189,6.37));
#3797=CARTESIAN_POINT('Origin',(0.80270510541,-39.12477774955,5.37));
#3798=CARTESIAN_POINT('',(0.802705105410002,-37.12477774955,6.37));
#3799=CARTESIAN_POINT('Origin',(0.80270510541,-39.12477774955,6.37));
#3800=CARTESIAN_POINT('',(0.80270510541,-37.12477774955,0.1));
#3801=CARTESIAN_POINT('',(0.80270510541,-37.12477774955,0.1));
#3802=CARTESIAN_POINT('Origin',(0.80270510541,-39.12477774955,0.1));
#3803=CARTESIAN_POINT('Origin',(32.455359410719,-60.9532048742962,0.1));
#3804=CARTESIAN_POINT('',(32.1220260773857,-60.0103958327141,4.70333333333333));
#3805=CARTESIAN_POINT('',(31.455359410719,-60.9532048742962,5.37));
#3806=CARTESIAN_POINT('Origin',(32.455359410719,-60.9532048742962,4.37));
#3807=CARTESIAN_POINT('',(31.455359410719,-60.9532048742962,0.1));
#3808=CARTESIAN_POINT('',(31.455359410719,-60.9532048742962,0.1));
#3809=CARTESIAN_POINT('',(32.1220260773857,-60.0103958327141,0.1));
#3810=CARTESIAN_POINT('Origin',(32.455359410719,-60.9532048742962,0.1));
#3811=CARTESIAN_POINT('',(32.1220260773857,-60.0103958327141,0.1));
#3812=CARTESIAN_POINT('Origin',(31.455359410719,-61.32477774955,0.1));
#3813=CARTESIAN_POINT('',(31.455359410719,-61.32477774955,5.37));
#3814=CARTESIAN_POINT('',(31.455359410719,-55.27477774955,5.37));
#3815=CARTESIAN_POINT('',(31.455359410719,-61.32477774955,0.1));
#3816=CARTESIAN_POINT('',(31.455359410719,-61.32477774955,0.1));
#3817=CARTESIAN_POINT('',(31.455359410719,-37.12477774955,0.1));
#3818=CARTESIAN_POINT('Origin',(31.7442940331448,-55.1387240353708,0.1));
#3819=CARTESIAN_POINT('',(31.2500367907625,-56.008039730819,0.6));
#3820=CARTESIAN_POINT('',(31.455359410719,-56.0960728662384,0.6));
#3821=CARTESIAN_POINT('Origin',(31.7442940331448,-55.1387240353708,0.6));
#3822=CARTESIAN_POINT('',(31.2500367907625,-56.008039730819,5.37));
#3823=CARTESIAN_POINT('',(31.2500367907625,-56.008039730819,0.1));
#3824=CARTESIAN_POINT('',(31.6479824923362,-56.1340752734305,5.28287713029884));
#3825=CARTESIAN_POINT('Origin',(31.7442940331448,-55.1387240353708,4.36999999999999));
#3826=CARTESIAN_POINT('',(31.6479824923362,-56.1340752734305,0.1));
#3827=CARTESIAN_POINT('',(31.6479824923362,-56.1340752734305,0.1));
#3828=CARTESIAN_POINT('',(31.455359410719,-56.0960728662384,0.1));
#3829=CARTESIAN_POINT('Origin',(31.7442940331448,-55.1387240353708,0.1));
#3830=CARTESIAN_POINT('',(31.455359410719,-56.0960728662384,0.1));
#3831=CARTESIAN_POINT('Origin',(31.455359410719,-58.12477774955,0.1));
#3832=CARTESIAN_POINT('Origin',(31.455359410719,-58.12477774955,0.1));
#3833=CARTESIAN_POINT('',(30.2047162258827,-56.5640434274367,6.37));
#3834=CARTESIAN_POINT('Origin',(31.455359410719,-58.12477774955,7.10863139089654));
#3835=CARTESIAN_POINT('',(30.455359410719,-59.8568285571189,6.37));
#3836=CARTESIAN_POINT('Origin',(31.455359410719,-58.12477774955,6.37));
#3837=CARTESIAN_POINT('Origin',(31.455359410719,-58.12477774955,5.37));
#3838=CARTESIAN_POINT('Origin',(32.455359410719,-41.9532048742962,0.1));
#3839=CARTESIAN_POINT('',(32.1220260773857,-41.0103958327141,4.70333333333333));
#3840=CARTESIAN_POINT('',(31.455359410719,-41.9532048742962,5.37));
#3841=CARTESIAN_POINT('Origin',(32.455359410719,-41.9532048742962,4.37));
#3842=CARTESIAN_POINT('',(31.455359410719,-41.9532048742962,0.1));
#3843=CARTESIAN_POINT('',(31.455359410719,-41.9532048742962,0.1));
#3844=CARTESIAN_POINT('',(32.1220260773857,-41.0103958327141,0.1));
#3845=CARTESIAN_POINT('Origin',(32.455359410719,-41.9532048742962,0.1));
#3846=CARTESIAN_POINT('',(32.1220260773857,-41.0103958327141,0.1));
#3847=CARTESIAN_POINT('Origin',(31.455359410719,-44.713423888322,0.1));
#3848=CARTESIAN_POINT('',(31.455359410719,-37.12477774955,0.1));
#3849=CARTESIAN_POINT('',(31.455359410719,-44.713423888322,5.37));
#3850=CARTESIAN_POINT('',(31.455359410719,-46.969100818936,5.37));
#3851=CARTESIAN_POINT('',(31.455359410719,-44.713423888322,0.6));
#3852=CARTESIAN_POINT('',(31.455359410719,-44.713423888322,0.1));
#3853=CARTESIAN_POINT('',(31.455359410719,-37.12477774955,0.6));
#3854=CARTESIAN_POINT('Origin',(15.3966304242473,-42.3995451592447,6.37));
#3855=CARTESIAN_POINT('',(15.3966304242473,-42.3995451592447,6.37));
#3856=CARTESIAN_POINT('',(15.822590249763,-42.3995451592447,6.37));
#3857=CARTESIAN_POINT('',(15.7628313411559,-42.3995451592447,6.37));
#3858=CARTESIAN_POINT('',(15.3966304242473,-42.3995451592447,5.77));
#3859=CARTESIAN_POINT('',(15.3966304242473,-42.3995451592447,6.37));
#3860=CARTESIAN_POINT('',(15.822590249763,-42.3995451592447,5.77));
#3861=CARTESIAN_POINT('',(14.1952045496415,-42.3995451592447,5.77));
#3862=CARTESIAN_POINT('',(15.822590249763,-42.3995451592447,6.37));
#3863=CARTESIAN_POINT('Origin',(15.3966304242473,-44.3757791780473,6.37));
#3864=CARTESIAN_POINT('',(15.3966304242473,-44.3757791780473,6.37));
#3865=CARTESIAN_POINT('',(15.3966304242473,-46.8002784637987,6.37));
#3866=CARTESIAN_POINT('',(15.3966304242473,-44.3757791780473,5.77));
#3867=CARTESIAN_POINT('',(15.3966304242473,-44.3757791780473,6.37));
#3868=CARTESIAN_POINT('',(15.3966304242473,-43.1102398746254,5.77));
#3869=CARTESIAN_POINT('Origin',(13.3381294786792,-42.2276987098695,6.37));
#3870=CARTESIAN_POINT('',(13.3381294786792,-42.2276987098695,6.37));
#3871=CARTESIAN_POINT('',(15.7538363412225,-44.7485295792672,6.37));
#3872=CARTESIAN_POINT('',(13.3381294786792,-42.2276987098695,5.77));
#3873=CARTESIAN_POINT('',(13.3381294786792,-42.2276987098695,6.37));
#3874=CARTESIAN_POINT('',(14.5809483757288,-43.5246011980526,5.77));
#3875=CARTESIAN_POINT('Origin',(13.3381294786792,-45.2222143076898,6.37));
#3876=CARTESIAN_POINT('',(13.3381294786792,-45.2222143076898,6.37));
#3877=CARTESIAN_POINT('',(13.3381294786792,-47.2234960286199,6.37));
#3878=CARTESIAN_POINT('',(13.3381294786792,-45.2222143076898,5.77));
#3879=CARTESIAN_POINT('',(13.3381294786792,-45.2222143076898,6.37));
#3880=CARTESIAN_POINT('',(13.3381294786792,-43.0243166499378,5.77));
#3881=CARTESIAN_POINT('Origin',(13.764089304195,-45.2222143076898,6.37));
#3882=CARTESIAN_POINT('',(13.764089304195,-45.2222143076898,6.37));
#3883=CARTESIAN_POINT('',(14.9465607811297,-45.2222143076898,6.37));
#3884=CARTESIAN_POINT('',(13.764089304195,-45.2222143076898,5.77));
#3885=CARTESIAN_POINT('',(13.764089304195,-45.2222143076898,6.37));
#3886=CARTESIAN_POINT('',(12.9529741640996,-45.2222143076898,5.77));
#3887=CARTESIAN_POINT('Origin',(13.764089304195,-43.2606054805757,6.37));
#3888=CARTESIAN_POINT('',(13.764089304195,-43.2606054805757,6.37));
#3889=CARTESIAN_POINT('',(13.764089304195,-46.2426916150629,6.37));
#3890=CARTESIAN_POINT('',(13.764089304195,-43.2606054805757,5.77));
#3891=CARTESIAN_POINT('',(13.764089304195,-43.2606054805757,6.37));
#3892=CARTESIAN_POINT('',(13.764089304195,-44.5215744488479,5.77));
#3893=CARTESIAN_POINT('Origin',(15.822590249763,-45.4141704701425,6.37));
#3894=CARTESIAN_POINT('',(15.822590249763,-45.4141704701425,6.37));
#3895=CARTESIAN_POINT('',(16.8474261870595,-46.4863345608918,6.37));
#3896=CARTESIAN_POINT('',(15.822590249763,-45.4141704701425,5.77));
#3897=CARTESIAN_POINT('',(15.822590249763,-45.4141704701425,6.37));
#3898=CARTESIAN_POINT('',(13.6184540449958,-43.1082446103351,5.77));
#3899=CARTESIAN_POINT('Origin',(15.822590249763,-42.3995451592447,6.37));
#3900=CARTESIAN_POINT('',(15.822590249763,-45.8121614543974,6.37));
#3901=CARTESIAN_POINT('',(15.822590249763,-44.6175525300743,5.77));
#3902=CARTESIAN_POINT('Origin',(12.56781884952,-43.820934590006,5.77));
#3903=CARTESIAN_POINT('Origin',(12.1521696030956,-44.8218487166406,6.37));
#3904=CARTESIAN_POINT('',(12.1521696030956,-44.8218487166406,6.37));
#3905=CARTESIAN_POINT('',(12.1521696030956,-42.7999107502939,6.37));
#3906=CARTESIAN_POINT('',(12.1521696030956,-47.0233132330953,6.37));
#3907=CARTESIAN_POINT('',(12.1521696030956,-44.8218487166406,5.77));
#3908=CARTESIAN_POINT('',(12.1521696030956,-44.8218487166406,6.37));
#3909=CARTESIAN_POINT('',(12.1521696030956,-42.7999107502939,5.77));
#3910=CARTESIAN_POINT('',(12.1521696030956,-43.31042267015,5.77));
#3911=CARTESIAN_POINT('',(12.1521696030956,-42.7999107502939,6.37));
#3912=CARTESIAN_POINT('Origin',(11.9602134406429,-44.8218487166406,6.37));
#3913=CARTESIAN_POINT('',(11.9602134406429,-44.8218487166406,6.37));
#3914=CARTESIAN_POINT('',(14.0446228493537,-44.8218487166406,6.37));
#3915=CARTESIAN_POINT('',(11.9602134406429,-44.8218487166406,5.77));
#3916=CARTESIAN_POINT('',(11.9602134406429,-44.8218487166406,6.37));
#3917=CARTESIAN_POINT('',(12.3599942263078,-44.8218487166406,5.77));
#3918=CARTESIAN_POINT('Ctrl Pts',(11.1357160985332,-44.5640790425779,6.37));
#3919=CARTESIAN_POINT('Ctrl Pts',(11.1357160985332,-44.5640790425779,5.77));
#3920=CARTESIAN_POINT('Ctrl Pts',(11.2747338237799,-44.6573217602338,6.37));
#3921=CARTESIAN_POINT('Ctrl Pts',(11.2747338237799,-44.6573217602338,5.77));
#3922=CARTESIAN_POINT('Ctrl Pts',(11.3817341282784,-44.729089580947,6.37));
#3923=CARTESIAN_POINT('Ctrl Pts',(11.3817341282784,-44.729089580947,5.77));
#3924=CARTESIAN_POINT('Ctrl Pts',(11.6602759516806,-44.8112498326128,6.37));
#3925=CARTESIAN_POINT('Ctrl Pts',(11.6602759516806,-44.8112498326128,5.77));
#3926=CARTESIAN_POINT('Ctrl Pts',(11.8102446961617,-44.8165492746267,6.37));
#3927=CARTESIAN_POINT('Ctrl Pts',(11.8102446961617,-44.8165492746267,5.77));
#3928=CARTESIAN_POINT('Ctrl Pts',(11.9602134406429,-44.8218487166406,6.37));
#3929=CARTESIAN_POINT('Ctrl Pts',(11.9602134406429,-44.8218487166406,5.77));
#3930=CARTESIAN_POINT('',(11.1357160985332,-44.5640790425779,6.37));
#3931=CARTESIAN_POINT('Ctrl Pts',(11.1357160985332,-44.5640790425779,6.37));
#3932=CARTESIAN_POINT('Ctrl Pts',(11.2747338237799,-44.6573217602338,6.37));
#3933=CARTESIAN_POINT('Ctrl Pts',(11.3817341282784,-44.729089580947,6.37));
#3934=CARTESIAN_POINT('Ctrl Pts',(11.6602759516806,-44.8112498326128,6.37));
#3935=CARTESIAN_POINT('Ctrl Pts',(11.8102446961617,-44.8165492746267,6.37));
#3936=CARTESIAN_POINT('Ctrl Pts',(11.9602134406429,-44.8218487166406,6.37));
#3937=CARTESIAN_POINT('',(11.1357160985332,-44.5640790425779,5.77));
#3938=CARTESIAN_POINT('',(11.1357160985332,-44.5640790425779,6.37));
#3939=CARTESIAN_POINT('Ctrl Pts',(11.1357160985332,-44.5640790425779,5.77));
#3940=CARTESIAN_POINT('Ctrl Pts',(11.2747338237799,-44.6573217602338,5.77));
#3941=CARTESIAN_POINT('Ctrl Pts',(11.3817341282784,-44.729089580947,5.77));
#3942=CARTESIAN_POINT('Ctrl Pts',(11.6602759516806,-44.8112498326128,5.77));
#3943=CARTESIAN_POINT('Ctrl Pts',(11.8102446961617,-44.8165492746267,5.77));
#3944=CARTESIAN_POINT('Ctrl Pts',(11.9602134406429,-44.8218487166406,5.77));
#3945=CARTESIAN_POINT('Ctrl Pts',(10.8249297320705,-43.8108797334673,6.37));
#3946=CARTESIAN_POINT('Ctrl Pts',(10.8249297320705,-43.8108797334673,5.77));
#3947=CARTESIAN_POINT('Ctrl Pts',(10.836211923216,-43.9533951855156,6.37));
#3948=CARTESIAN_POINT('Ctrl Pts',(10.836211923216,-43.9533951855156,5.77));
#3949=CARTESIAN_POINT('Ctrl Pts',(10.8474941143615,-44.0959106375639,6.37));
#3950=CARTESIAN_POINT('Ctrl Pts',(10.8474941143615,-44.0959106375639,5.77));
#3951=CARTESIAN_POINT('Ctrl Pts',(10.9498106675637,-44.3476967394647,6.37));
#3952=CARTESIAN_POINT('Ctrl Pts',(10.9498106675637,-44.3476967394647,5.77));
#3953=CARTESIAN_POINT('Ctrl Pts',(11.0385118183322,-44.4509393354017,6.37));
#3954=CARTESIAN_POINT('Ctrl Pts',(11.0385118183322,-44.4509393354017,5.77));
#3955=CARTESIAN_POINT('Ctrl Pts',(11.1357160985332,-44.5640790425779,6.37));
#3956=CARTESIAN_POINT('Ctrl Pts',(11.1357160985332,-44.5640790425779,5.77));
#3957=CARTESIAN_POINT('',(10.8249297320705,-43.8108797334673,6.37));
#3958=CARTESIAN_POINT('Ctrl Pts',(10.8249297320705,-43.8108797334673,6.37));
#3959=CARTESIAN_POINT('Ctrl Pts',(10.836211923216,-43.9533951855156,6.37));
#3960=CARTESIAN_POINT('Ctrl Pts',(10.8474941143615,-44.0959106375639,6.37));
#3961=CARTESIAN_POINT('Ctrl Pts',(10.9498106675637,-44.3476967394647,6.37));
#3962=CARTESIAN_POINT('Ctrl Pts',(11.0385118183322,-44.4509393354017,6.37));
#3963=CARTESIAN_POINT('Ctrl Pts',(11.1357160985332,-44.5640790425779,6.37));
#3964=CARTESIAN_POINT('',(10.8249297320705,-43.8108797334673,5.77));
#3965=CARTESIAN_POINT('',(10.8249297320705,-43.8108797334673,6.37));
#3966=CARTESIAN_POINT('Ctrl Pts',(10.8249297320705,-43.8108797334673,5.77));
#3967=CARTESIAN_POINT('Ctrl Pts',(10.836211923216,-43.9533951855156,5.77));
#3968=CARTESIAN_POINT('Ctrl Pts',(10.8474941143615,-44.0959106375639,5.77));
#3969=CARTESIAN_POINT('Ctrl Pts',(10.9498106675637,-44.3476967394647,5.77));
#3970=CARTESIAN_POINT('Ctrl Pts',(11.0385118183322,-44.4509393354017,5.77));
#3971=CARTESIAN_POINT('Ctrl Pts',(11.1357160985332,-44.5640790425779,5.77));
#3972=CARTESIAN_POINT('Ctrl Pts',(11.1393722474437,-43.0631650947572,6.37));
#3973=CARTESIAN_POINT('Ctrl Pts',(11.1393722474437,-43.0631650947572,5.77));
#3974=CARTESIAN_POINT('Ctrl Pts',(11.0417979391355,-43.1744297867958,6.37));
#3975=CARTESIAN_POINT('Ctrl Pts',(11.0417979391355,-43.1744297867958,5.77));
#3976=CARTESIAN_POINT('Ctrl Pts',(10.9518506819519,-43.2769972970735,6.37));
#3977=CARTESIAN_POINT('Ctrl Pts',(10.9518506819519,-43.2769972970735,5.77));
#3978=CARTESIAN_POINT('Ctrl Pts',(10.8481763739574,-43.52686338494,6.37));
#3979=CARTESIAN_POINT('Ctrl Pts',(10.8481763739574,-43.52686338494,5.77));
#3980=CARTESIAN_POINT('Ctrl Pts',(10.836553053014,-43.6688715592036,6.37));
#3981=CARTESIAN_POINT('Ctrl Pts',(10.836553053014,-43.6688715592036,5.77));
#3982=CARTESIAN_POINT('Ctrl Pts',(10.8249297320705,-43.8108797334673,6.37));
#3983=CARTESIAN_POINT('Ctrl Pts',(10.8249297320705,-43.8108797334673,5.77));
#3984=CARTESIAN_POINT('',(11.1393722474437,-43.0631650947572,6.37));
#3985=CARTESIAN_POINT('Ctrl Pts',(11.1393722474437,-43.0631650947572,6.37));
#3986=CARTESIAN_POINT('Ctrl Pts',(11.0417979391355,-43.1744297867958,6.37));
#3987=CARTESIAN_POINT('Ctrl Pts',(10.9518506819519,-43.2769972970735,6.37));
#3988=CARTESIAN_POINT('Ctrl Pts',(10.8481763739574,-43.52686338494,6.37));
#3989=CARTESIAN_POINT('Ctrl Pts',(10.836553053014,-43.6688715592036,6.37));
#3990=CARTESIAN_POINT('Ctrl Pts',(10.8249297320705,-43.8108797334673,6.37));
#3991=CARTESIAN_POINT('',(11.1393722474437,-43.0631650947572,5.77));
#3992=CARTESIAN_POINT('',(11.1393722474437,-43.0631650947572,6.37));
#3993=CARTESIAN_POINT('Ctrl Pts',(11.1393722474437,-43.0631650947572,5.77));
#3994=CARTESIAN_POINT('Ctrl Pts',(11.0417979391355,-43.1744297867958,5.77));
#3995=CARTESIAN_POINT('Ctrl Pts',(10.9518506819519,-43.2769972970735,5.77));
#3996=CARTESIAN_POINT('Ctrl Pts',(10.8481763739574,-43.52686338494,5.77));
#3997=CARTESIAN_POINT('Ctrl Pts',(10.836553053014,-43.6688715592036,5.77));
#3998=CARTESIAN_POINT('Ctrl Pts',(10.8249297320705,-43.8108797334673,5.77));
#3999=CARTESIAN_POINT('Ctrl Pts',(11.483065146194,-42.8602398895265,6.37));
#4000=CARTESIAN_POINT('Ctrl Pts',(11.483065146194,-42.8602398895265,5.77));
#4001=CARTESIAN_POINT('Ctrl Pts',(11.4195063258328,-42.8854742547278,6.37));
#4002=CARTESIAN_POINT('Ctrl Pts',(11.4195063258328,-42.8854742547278,5.77));
#4003=CARTESIAN_POINT('Ctrl Pts',(11.3579281157194,-42.9099222704967,6.37));
#4004=CARTESIAN_POINT('Ctrl Pts',(11.3579281157194,-42.9099222704967,5.77));
#4005=CARTESIAN_POINT('Ctrl Pts',(11.2434132699776,-42.9776653052721,6.37));
#4006=CARTESIAN_POINT('Ctrl Pts',(11.2434132699776,-42.9776653052721,5.77));
#4007=CARTESIAN_POINT('Ctrl Pts',(11.1913927587106,-43.0204152000147,6.37));
#4008=CARTESIAN_POINT('Ctrl Pts',(11.1913927587106,-43.0204152000147,5.77));
#4009=CARTESIAN_POINT('Ctrl Pts',(11.1393722474437,-43.0631650947572,6.37));
#4010=CARTESIAN_POINT('Ctrl Pts',(11.1393722474437,-43.0631650947572,5.77));
#4011=CARTESIAN_POINT('',(11.483065146194,-42.8602398895265,6.37));
#4012=CARTESIAN_POINT('Ctrl Pts',(11.483065146194,-42.8602398895265,6.37));
#4013=CARTESIAN_POINT('Ctrl Pts',(11.4195063258328,-42.8854742547278,6.37));
#4014=CARTESIAN_POINT('Ctrl Pts',(11.3579281157194,-42.9099222704967,6.37));
#4015=CARTESIAN_POINT('Ctrl Pts',(11.2434132699776,-42.9776653052721,6.37));
#4016=CARTESIAN_POINT('Ctrl Pts',(11.1913927587106,-43.0204152000147,6.37));
#4017=CARTESIAN_POINT('Ctrl Pts',(11.1393722474437,-43.0631650947572,6.37));
#4018=CARTESIAN_POINT('',(11.483065146194,-42.8602398895265,5.77));
#4019=CARTESIAN_POINT('',(11.483065146194,-42.8602398895265,6.37));
#4020=CARTESIAN_POINT('Ctrl Pts',(11.483065146194,-42.8602398895265,5.77));
#4021=CARTESIAN_POINT('Ctrl Pts',(11.4195063258328,-42.8854742547278,5.77));
#4022=CARTESIAN_POINT('Ctrl Pts',(11.3579281157194,-42.9099222704967,5.77));
#4023=CARTESIAN_POINT('Ctrl Pts',(11.2434132699776,-42.9776653052721,5.77));
#4024=CARTESIAN_POINT('Ctrl Pts',(11.1913927587106,-43.0204152000147,5.77));
#4025=CARTESIAN_POINT('Ctrl Pts',(11.1393722474437,-43.0631650947572,5.77));
#4026=CARTESIAN_POINT('Ctrl Pts',(11.9602134406429,-42.7999107502939,6.37));
#4027=CARTESIAN_POINT('Ctrl Pts',(11.9602134406429,-42.7999107502939,5.77));
#4028=CARTESIAN_POINT('Ctrl Pts',(11.8795245475154,-42.8012428899117,6.37));
#4029=CARTESIAN_POINT('Ctrl Pts',(11.8795245475154,-42.8012428899117,5.77));
#4030=CARTESIAN_POINT('Ctrl Pts',(11.7988356543882,-42.8025750295294,6.37));
#4031=CARTESIAN_POINT('Ctrl Pts',(11.7988356543882,-42.8025750295294,5.77));
#4032=CARTESIAN_POINT('Ctrl Pts',(11.6385304509933,-42.8218603124598,6.37));
#4033=CARTESIAN_POINT('Ctrl Pts',(11.6385304509933,-42.8218603124598,5.77));
#4034=CARTESIAN_POINT('Ctrl Pts',(11.5704706997301,-42.8386621607701,6.37));
#4035=CARTESIAN_POINT('Ctrl Pts',(11.5704706997301,-42.8386621607701,5.77));
#4036=CARTESIAN_POINT('Ctrl Pts',(11.483065146194,-42.8602398895265,6.37));
#4037=CARTESIAN_POINT('Ctrl Pts',(11.483065146194,-42.8602398895265,5.77));
#4038=CARTESIAN_POINT('',(11.9602134406429,-42.7999107502939,6.37));
#4039=CARTESIAN_POINT('Ctrl Pts',(11.9602134406429,-42.7999107502939,6.37));
#4040=CARTESIAN_POINT('Ctrl Pts',(11.8795245475154,-42.8012428899117,6.37));
#4041=CARTESIAN_POINT('Ctrl Pts',(11.7988356543882,-42.8025750295294,6.37));
#4042=CARTESIAN_POINT('Ctrl Pts',(11.6385304509933,-42.8218603124598,6.37));
#4043=CARTESIAN_POINT('Ctrl Pts',(11.5704706997301,-42.8386621607701,6.37));
#4044=CARTESIAN_POINT('Ctrl Pts',(11.483065146194,-42.8602398895265,6.37));
#4045=CARTESIAN_POINT('',(11.9602134406429,-42.7999107502939,5.77));
#4046=CARTESIAN_POINT('',(11.9602134406429,-42.7999107502939,6.37));
#4047=CARTESIAN_POINT('Ctrl Pts',(11.9602134406429,-42.7999107502939,5.77));
#4048=CARTESIAN_POINT('Ctrl Pts',(11.8795245475154,-42.8012428899117,5.77));
#4049=CARTESIAN_POINT('Ctrl Pts',(11.7988356543882,-42.8025750295294,5.77));
#4050=CARTESIAN_POINT('Ctrl Pts',(11.6385304509933,-42.8218603124598,5.77));
#4051=CARTESIAN_POINT('Ctrl Pts',(11.5704706997301,-42.8386621607701,5.77));
#4052=CARTESIAN_POINT('Ctrl Pts',(11.483065146194,-42.8602398895265,5.77));
#4053=CARTESIAN_POINT('Origin',(12.1521696030956,-42.7999107502939,6.37));
#4054=CARTESIAN_POINT('',(14.14060093058,-42.7999107502939,6.37));
#4055=CARTESIAN_POINT('',(12.2640161450814,-42.7999107502939,5.77));
#4056=CARTESIAN_POINT('Origin',(11.9931199729305,-42.3995451592447,6.37));
#4057=CARTESIAN_POINT('',(11.9931199729305,-42.3995451592447,6.37));
#4058=CARTESIAN_POINT('',(12.5781294286113,-42.3995451592447,6.37));
#4059=CARTESIAN_POINT('',(14.0610761154975,-42.3995451592447,6.37));
#4060=CARTESIAN_POINT('',(11.9931199729305,-42.3995451592447,5.77));
#4061=CARTESIAN_POINT('',(11.9931199729305,-42.3995451592447,6.37));
#4062=CARTESIAN_POINT('',(12.5781294286113,-42.3995451592447,5.77));
#4063=CARTESIAN_POINT('',(12.5729741390656,-42.3995451592447,5.77));
#4064=CARTESIAN_POINT('',(12.5781294286113,-42.3995451592447,6.37));
#4065=CARTESIAN_POINT('Ctrl Pts',(11.3295003354411,-42.4781556390764,6.37));
#4066=CARTESIAN_POINT('Ctrl Pts',(11.3295003354411,-42.4781556390764,5.77));
#4067=CARTESIAN_POINT('Ctrl Pts',(11.4534953781845,-42.4480208769679,6.37));
#4068=CARTESIAN_POINT('Ctrl Pts',(11.4534953781845,-42.4480208769679,5.77));
#4069=CARTESIAN_POINT('Ctrl Pts',(11.5440201299827,-42.4260204663062,6.37));
#4070=CARTESIAN_POINT('Ctrl Pts',(11.5440201299827,-42.4260204663062,5.77));
#4071=CARTESIAN_POINT('Ctrl Pts',(11.7687636027172,-42.4013747632225,6.37));
#4072=CARTESIAN_POINT('Ctrl Pts',(11.7687636027172,-42.4013747632225,5.77));
#4073=CARTESIAN_POINT('Ctrl Pts',(11.8809417878236,-42.4004599612336,6.37));
#4074=CARTESIAN_POINT('Ctrl Pts',(11.8809417878236,-42.4004599612336,5.77));
#4075=CARTESIAN_POINT('Ctrl Pts',(11.9931199729305,-42.3995451592447,6.37));
#4076=CARTESIAN_POINT('Ctrl Pts',(11.9931199729305,-42.3995451592447,5.77));
#4077=CARTESIAN_POINT('',(11.3295003354411,-42.4781556390764,6.37));
#4078=CARTESIAN_POINT('Ctrl Pts',(11.3295003354411,-42.4781556390764,6.37));
#4079=CARTESIAN_POINT('Ctrl Pts',(11.4534953781845,-42.4480208769679,6.37));
#4080=CARTESIAN_POINT('Ctrl Pts',(11.5440201299827,-42.4260204663062,6.37));
#4081=CARTESIAN_POINT('Ctrl Pts',(11.7687636027172,-42.4013747632225,6.37));
#4082=CARTESIAN_POINT('Ctrl Pts',(11.8809417878236,-42.4004599612336,6.37));
#4083=CARTESIAN_POINT('Ctrl Pts',(11.9931199729305,-42.3995451592447,6.37));
#4084=CARTESIAN_POINT('',(11.3295003354411,-42.4781556390764,5.77));
#4085=CARTESIAN_POINT('',(11.3295003354411,-42.4781556390764,6.37));
#4086=CARTESIAN_POINT('Ctrl Pts',(11.3295003354411,-42.4781556390764,5.77));
#4087=CARTESIAN_POINT('Ctrl Pts',(11.4534953781845,-42.4480208769679,5.77));
#4088=CARTESIAN_POINT('Ctrl Pts',(11.5440201299827,-42.4260204663062,5.77));
#4089=CARTESIAN_POINT('Ctrl Pts',(11.7687636027172,-42.4013747632225,5.77));
#4090=CARTESIAN_POINT('Ctrl Pts',(11.8809417878236,-42.4004599612336,5.77));
#4091=CARTESIAN_POINT('Ctrl Pts',(11.9931199729305,-42.3995451592447,5.77));
#4092=CARTESIAN_POINT('Ctrl Pts',(10.850523966537,-42.7578632496835,6.37));
#4093=CARTESIAN_POINT('Ctrl Pts',(10.850523966537,-42.7578632496835,5.77));
#4094=CARTESIAN_POINT('Ctrl Pts',(10.9231219595225,-42.6987468239538,6.37));
#4095=CARTESIAN_POINT('Ctrl Pts',(10.9231219595225,-42.6987468239538,5.77));
#4096=CARTESIAN_POINT('Ctrl Pts',(10.9957199525081,-42.6396303982239,6.37));
#4097=CARTESIAN_POINT('Ctrl Pts',(10.9957199525081,-42.6396303982239,5.77));
#4098=CARTESIAN_POINT('Ctrl Pts',(11.1552421851213,-42.5456585538659,6.37));
#4099=CARTESIAN_POINT('Ctrl Pts',(11.1552421851213,-42.5456585538659,5.77));
#4100=CARTESIAN_POINT('Ctrl Pts',(11.236739709775,-42.5140886074837,6.37));
#4101=CARTESIAN_POINT('Ctrl Pts',(11.236739709775,-42.5140886074837,5.77));
#4102=CARTESIAN_POINT('Ctrl Pts',(11.3295003354411,-42.4781556390764,6.37));
#4103=CARTESIAN_POINT('Ctrl Pts',(11.3295003354411,-42.4781556390764,5.77));
#4104=CARTESIAN_POINT('',(10.850523966537,-42.7578632496835,6.37));
#4105=CARTESIAN_POINT('Ctrl Pts',(10.850523966537,-42.7578632496835,6.37));
#4106=CARTESIAN_POINT('Ctrl Pts',(10.9231219595225,-42.6987468239538,6.37));
#4107=CARTESIAN_POINT('Ctrl Pts',(10.9957199525081,-42.6396303982239,6.37));
#4108=CARTESIAN_POINT('Ctrl Pts',(11.1552421851213,-42.5456585538659,6.37));
#4109=CARTESIAN_POINT('Ctrl Pts',(11.236739709775,-42.5140886074837,6.37));
#4110=CARTESIAN_POINT('Ctrl Pts',(11.3295003354411,-42.4781556390764,6.37));
#4111=CARTESIAN_POINT('',(10.850523966537,-42.7578632496835,5.77));
#4112=CARTESIAN_POINT('',(10.850523966537,-42.7578632496835,6.37));
#4113=CARTESIAN_POINT('Ctrl Pts',(10.850523966537,-42.7578632496835,5.77));
#4114=CARTESIAN_POINT('Ctrl Pts',(10.9231219595225,-42.6987468239538,5.77));
#4115=CARTESIAN_POINT('Ctrl Pts',(10.9957199525081,-42.6396303982239,5.77));
#4116=CARTESIAN_POINT('Ctrl Pts',(11.1552421851213,-42.5456585538659,5.77));
#4117=CARTESIAN_POINT('Ctrl Pts',(11.236739709775,-42.5140886074837,5.77));
#4118=CARTESIAN_POINT('Ctrl Pts',(11.3295003354411,-42.4781556390764,5.77));
#4119=CARTESIAN_POINT('Ctrl Pts',(10.3953137576442,-43.8108797334673,6.37));
#4120=CARTESIAN_POINT('Ctrl Pts',(10.3953137576442,-43.8108797334673,5.77));
#4121=CARTESIAN_POINT('Ctrl Pts',(10.4124006328706,-43.6096554864335,6.37));
#4122=CARTESIAN_POINT('Ctrl Pts',(10.4124006328706,-43.6096554864335,5.77));
#4123=CARTESIAN_POINT('Ctrl Pts',(10.4294875080969,-43.4084312393997,6.37));
#4124=CARTESIAN_POINT('Ctrl Pts',(10.4294875080969,-43.4084312393997,5.77));
#4125=CARTESIAN_POINT('Ctrl Pts',(10.5797683736515,-43.0566322101481,6.37));
#4126=CARTESIAN_POINT('Ctrl Pts',(10.5797683736515,-43.0566322101481,5.77));
#4127=CARTESIAN_POINT('Ctrl Pts',(10.7102486232385,-42.9126519949481,6.37));
#4128=CARTESIAN_POINT('Ctrl Pts',(10.7102486232385,-42.9126519949481,5.77));
#4129=CARTESIAN_POINT('Ctrl Pts',(10.850523966537,-42.7578632496835,6.37));
#4130=CARTESIAN_POINT('Ctrl Pts',(10.850523966537,-42.7578632496835,5.77));
#4131=CARTESIAN_POINT('',(10.3953137576442,-43.8108797334673,6.37));
#4132=CARTESIAN_POINT('Ctrl Pts',(10.3953137576442,-43.8108797334673,6.37));
#4133=CARTESIAN_POINT('Ctrl Pts',(10.4124006328706,-43.6096554864335,6.37));
#4134=CARTESIAN_POINT('Ctrl Pts',(10.4294875080969,-43.4084312393997,6.37));
#4135=CARTESIAN_POINT('Ctrl Pts',(10.5797683736515,-43.0566322101481,6.37));
#4136=CARTESIAN_POINT('Ctrl Pts',(10.7102486232385,-42.9126519949481,6.37));
#4137=CARTESIAN_POINT('Ctrl Pts',(10.850523966537,-42.7578632496835,6.37));
#4138=CARTESIAN_POINT('',(10.3953137576442,-43.8108797334673,5.77));
#4139=CARTESIAN_POINT('',(10.3953137576442,-43.8108797334673,6.37));
#4140=CARTESIAN_POINT('Ctrl Pts',(10.3953137576442,-43.8108797334673,5.77));
#4141=CARTESIAN_POINT('Ctrl Pts',(10.4124006328706,-43.6096554864335,5.77));
#4142=CARTESIAN_POINT('Ctrl Pts',(10.4294875080969,-43.4084312393997,5.77));
#4143=CARTESIAN_POINT('Ctrl Pts',(10.5797683736515,-43.0566322101481,5.77));
#4144=CARTESIAN_POINT('Ctrl Pts',(10.7102486232385,-42.9126519949481,5.77));
#4145=CARTESIAN_POINT('Ctrl Pts',(10.850523966537,-42.7578632496835,5.77));
#4146=CARTESIAN_POINT('Ctrl Pts',(10.832242625938,-44.8584118448736,6.37));
#4147=CARTESIAN_POINT('Ctrl Pts',(10.832242625938,-44.8584118448736,5.77));
#4148=CARTESIAN_POINT('Ctrl Pts',(10.6952968403622,-44.7014781063948,6.37));
#4149=CARTESIAN_POINT('Ctrl Pts',(10.6952968403622,-44.7014781063948,5.77));
#4150=CARTESIAN_POINT('Ctrl Pts',(10.5706673050471,-44.5586582392507,6.37));
#4151=CARTESIAN_POINT('Ctrl Pts',(10.5706673050471,-44.5586582392507,5.77));
#4152=CARTESIAN_POINT('Ctrl Pts',(10.4268799509637,-44.2084211041753,6.37));
#4153=CARTESIAN_POINT('Ctrl Pts',(10.4268799509637,-44.2084211041753,5.77));
#4154=CARTESIAN_POINT('Ctrl Pts',(10.4110968543039,-44.0096504188213,6.37));
#4155=CARTESIAN_POINT('Ctrl Pts',(10.4110968543039,-44.0096504188213,5.77));
#4156=CARTESIAN_POINT('Ctrl Pts',(10.3953137576442,-43.8108797334673,6.37));
#4157=CARTESIAN_POINT('Ctrl Pts',(10.3953137576442,-43.8108797334673,5.77));
#4158=CARTESIAN_POINT('',(10.832242625938,-44.8584118448736,6.37));
#4159=CARTESIAN_POINT('Ctrl Pts',(10.832242625938,-44.8584118448736,6.37));
#4160=CARTESIAN_POINT('Ctrl Pts',(10.6952968403622,-44.7014781063948,6.37));
#4161=CARTESIAN_POINT('Ctrl Pts',(10.5706673050471,-44.5586582392507,6.37));
#4162=CARTESIAN_POINT('Ctrl Pts',(10.4268799509637,-44.2084211041753,6.37));
#4163=CARTESIAN_POINT('Ctrl Pts',(10.4110968543039,-44.0096504188213,6.37));
#4164=CARTESIAN_POINT('Ctrl Pts',(10.3953137576442,-43.8108797334673,6.37));
#4165=CARTESIAN_POINT('',(10.832242625938,-44.8584118448736,5.77));
#4166=CARTESIAN_POINT('',(10.832242625938,-44.8584118448736,6.37));
#4167=CARTESIAN_POINT('Ctrl Pts',(10.832242625938,-44.8584118448736,5.77));
#4168=CARTESIAN_POINT('Ctrl Pts',(10.6952968403622,-44.7014781063948,5.77));
#4169=CARTESIAN_POINT('Ctrl Pts',(10.5706673050471,-44.5586582392507,5.77));
#4170=CARTESIAN_POINT('Ctrl Pts',(10.4268799509637,-44.2084211041753,5.77));
#4171=CARTESIAN_POINT('Ctrl Pts',(10.4110968543039,-44.0096504188213,5.77));
#4172=CARTESIAN_POINT('Ctrl Pts',(10.3953137576442,-43.8108797334673,5.77));
#4173=CARTESIAN_POINT('Ctrl Pts',(11.3130470692973,-45.1381193064691,6.37));
#4174=CARTESIAN_POINT('Ctrl Pts',(11.3130470692973,-45.1381193064691,5.77));
#4175=CARTESIAN_POINT('Ctrl Pts',(11.2228525108957,-45.1041766793872,6.37));
#4176=CARTESIAN_POINT('Ctrl Pts',(11.2228525108957,-45.1041766793872,5.77));
#4177=CARTESIAN_POINT('Ctrl Pts',(11.1371424573966,-45.0719216915626,6.37));
#4178=CARTESIAN_POINT('Ctrl Pts',(11.1371424573966,-45.0719216915626,5.77));
#4179=CARTESIAN_POINT('Ctrl Pts',(10.9769836893478,-44.9784312217862,6.37));
#4180=CARTESIAN_POINT('Ctrl Pts',(10.9769836893478,-44.9784312217862,5.77));
#4181=CARTESIAN_POINT('Ctrl Pts',(10.9046131576429,-44.9184215333299,6.37));
#4182=CARTESIAN_POINT('Ctrl Pts',(10.9046131576429,-44.9184215333299,5.77));
#4183=CARTESIAN_POINT('Ctrl Pts',(10.832242625938,-44.8584118448736,6.37));
#4184=CARTESIAN_POINT('Ctrl Pts',(10.832242625938,-44.8584118448736,5.77));
#4185=CARTESIAN_POINT('',(11.3130470692973,-45.1381193064691,6.37));
#4186=CARTESIAN_POINT('Ctrl Pts',(11.3130470692973,-45.1381193064691,6.37));
#4187=CARTESIAN_POINT('Ctrl Pts',(11.2228525108957,-45.1041766793872,6.37));
#4188=CARTESIAN_POINT('Ctrl Pts',(11.1371424573966,-45.0719216915626,6.37));
#4189=CARTESIAN_POINT('Ctrl Pts',(10.9769836893478,-44.9784312217862,6.37));
#4190=CARTESIAN_POINT('Ctrl Pts',(10.9046131576429,-44.9184215333299,6.37));
#4191=CARTESIAN_POINT('Ctrl Pts',(10.832242625938,-44.8584118448736,6.37));
#4192=CARTESIAN_POINT('',(11.3130470692973,-45.1381193064691,5.77));
#4193=CARTESIAN_POINT('',(11.3130470692973,-45.1381193064691,6.37));
#4194=CARTESIAN_POINT('Ctrl Pts',(11.3130470692973,-45.1381193064691,5.77));
#4195=CARTESIAN_POINT('Ctrl Pts',(11.2228525108957,-45.1041766793872,5.77));
#4196=CARTESIAN_POINT('Ctrl Pts',(11.1371424573966,-45.0719216915626,5.77));
#4197=CARTESIAN_POINT('Ctrl Pts',(10.9769836893478,-44.9784312217862,5.77));
#4198=CARTESIAN_POINT('Ctrl Pts',(10.9046131576429,-44.9184215333299,5.77));
#4199=CARTESIAN_POINT('Ctrl Pts',(10.832242625938,-44.8584118448736,5.77));
#4200=CARTESIAN_POINT('Ctrl Pts',(11.9858076751094,-45.2222143076898,6.37));
#4201=CARTESIAN_POINT('Ctrl Pts',(11.9858076751094,-45.2222143076898,5.77));
#4202=CARTESIAN_POINT('Ctrl Pts',(11.8719617260819,-45.2209455746912,6.37));
#4203=CARTESIAN_POINT('Ctrl Pts',(11.8719617260819,-45.2209455746912,5.77));
#4204=CARTESIAN_POINT('Ctrl Pts',(11.7581157770543,-45.2196768416926,6.37));
#4205=CARTESIAN_POINT('Ctrl Pts',(11.7581157770543,-45.2196768416926,5.77));
#4206=CARTESIAN_POINT('Ctrl Pts',(11.530905049636,-45.1931458080814,6.37));
#4207=CARTESIAN_POINT('Ctrl Pts',(11.530905049636,-45.1931458080814,5.77));
#4208=CARTESIAN_POINT('Ctrl Pts',(11.4380337544053,-45.1696884049199,6.37));
#4209=CARTESIAN_POINT('Ctrl Pts',(11.4380337544053,-45.1696884049199,5.77));
#4210=CARTESIAN_POINT('Ctrl Pts',(11.3130470692973,-45.1381193064691,6.37));
#4211=CARTESIAN_POINT('Ctrl Pts',(11.3130470692973,-45.1381193064691,5.77));
#4212=CARTESIAN_POINT('',(11.9858076751094,-45.2222143076898,6.37));
#4213=CARTESIAN_POINT('Ctrl Pts',(11.9858076751094,-45.2222143076898,6.37));
#4214=CARTESIAN_POINT('Ctrl Pts',(11.8719617260819,-45.2209455746912,6.37));
#4215=CARTESIAN_POINT('Ctrl Pts',(11.7581157770543,-45.2196768416926,6.37));
#4216=CARTESIAN_POINT('Ctrl Pts',(11.530905049636,-45.1931458080814,6.37));
#4217=CARTESIAN_POINT('Ctrl Pts',(11.4380337544053,-45.1696884049199,6.37));
#4218=CARTESIAN_POINT('Ctrl Pts',(11.3130470692973,-45.1381193064691,6.37));
#4219=CARTESIAN_POINT('',(11.9858076751094,-45.2222143076898,5.77));
#4220=CARTESIAN_POINT('',(11.9858076751094,-45.2222143076898,6.37));
#4221=CARTESIAN_POINT('Ctrl Pts',(11.9858076751094,-45.2222143076898,5.77));
#4222=CARTESIAN_POINT('Ctrl Pts',(11.8719617260819,-45.2209455746912,5.77));
#4223=CARTESIAN_POINT('Ctrl Pts',(11.7581157770543,-45.2196768416926,5.77));
#4224=CARTESIAN_POINT('Ctrl Pts',(11.530905049636,-45.1931458080814,5.77));
#4225=CARTESIAN_POINT('Ctrl Pts',(11.4380337544053,-45.1696884049199,5.77));
#4226=CARTESIAN_POINT('Ctrl Pts',(11.3130470692973,-45.1381193064691,5.77));
#4227=CARTESIAN_POINT('Origin',(12.5781294286113,-45.2222143076898,6.37));
#4228=CARTESIAN_POINT('',(12.5781294286113,-45.2222143076898,6.37));
#4229=CARTESIAN_POINT('',(14.3535808433379,-45.2222143076898,6.37));
#4230=CARTESIAN_POINT('',(12.5781294286113,-45.2222143076898,5.77));
#4231=CARTESIAN_POINT('',(12.5781294286113,-45.2222143076898,6.37));
#4232=CARTESIAN_POINT('',(12.2768132623147,-45.2222143076898,5.77));
#4233=CARTESIAN_POINT('Origin',(12.5781294286113,-42.3995451592447,6.37));
#4234=CARTESIAN_POINT('',(12.5781294286113,-45.8121614543974,6.37));
#4235=CARTESIAN_POINT('',(12.5781294286113,-44.5215744488479,5.77));
#4236=CARTESIAN_POINT('Origin',(12.56781884952,-43.820934590006,5.77));
#4237=CARTESIAN_POINT('Origin',(8.73769070504716,-43.3191062473299,6.37));
#4238=CARTESIAN_POINT('',(8.73769070504716,-43.3191062473299,6.37));
#4239=CARTESIAN_POINT('',(9.17644764779618,-42.7999107502939,6.37));
#4240=CARTESIAN_POINT('',(8.82163239547477,-43.219775288803,6.37));
#4241=CARTESIAN_POINT('',(8.73769070504716,-43.3191062473299,5.77));
#4242=CARTESIAN_POINT('',(8.73769070504716,-43.3191062473299,6.37));
#4243=CARTESIAN_POINT('',(9.17644764779618,-42.7999107502939,5.77));
#4244=CARTESIAN_POINT('',(9.6312202701763,-42.2617633736721,5.77));
#4245=CARTESIAN_POINT('',(9.17644764779618,-42.7999107502939,6.37));
#4246=CARTESIAN_POINT('Ctrl Pts',(8.4360453069072,-43.6920498274805,6.37));
#4247=CARTESIAN_POINT('Ctrl Pts',(8.4360453069072,-43.6920498274805,5.77));
#4248=CARTESIAN_POINT('Ctrl Pts',(8.49063763691341,-43.6215724552159,6.37));
#4249=CARTESIAN_POINT('Ctrl Pts',(8.49063763691341,-43.6215724552159,5.77));
#4250=CARTESIAN_POINT('Ctrl Pts',(8.53331302110479,-43.5664795705956,6.37));
#4251=CARTESIAN_POINT('Ctrl Pts',(8.53331302110479,-43.5664795705956,5.77));
#4252=CARTESIAN_POINT('Ctrl Pts',(8.63467606931132,-43.4414310374508,6.37));
#4253=CARTESIAN_POINT('Ctrl Pts',(8.63467606931132,-43.4414310374508,5.77));
#4254=CARTESIAN_POINT('Ctrl Pts',(8.686183387179,-43.3802686423906,6.37));
#4255=CARTESIAN_POINT('Ctrl Pts',(8.686183387179,-43.3802686423906,5.77));
#4256=CARTESIAN_POINT('Ctrl Pts',(8.73769070504716,-43.3191062473299,6.37));
#4257=CARTESIAN_POINT('Ctrl Pts',(8.73769070504716,-43.3191062473299,5.77));
#4258=CARTESIAN_POINT('',(8.4360453069072,-43.6920498274805,6.37));
#4259=CARTESIAN_POINT('Ctrl Pts',(8.4360453069072,-43.6920498274805,6.37));
#4260=CARTESIAN_POINT('Ctrl Pts',(8.49063763691341,-43.6215724552159,6.37));
#4261=CARTESIAN_POINT('Ctrl Pts',(8.53331302110479,-43.5664795705956,6.37));
#4262=CARTESIAN_POINT('Ctrl Pts',(8.63467606931132,-43.4414310374508,6.37));
#4263=CARTESIAN_POINT('Ctrl Pts',(8.686183387179,-43.3802686423906,6.37));
#4264=CARTESIAN_POINT('Ctrl Pts',(8.73769070504716,-43.3191062473299,6.37));
#4265=CARTESIAN_POINT('',(8.4360453069072,-43.6920498274805,5.77));
#4266=CARTESIAN_POINT('',(8.4360453069072,-43.6920498274805,6.37));
#4267=CARTESIAN_POINT('Ctrl Pts',(8.4360453069072,-43.6920498274805,5.77));
#4268=CARTESIAN_POINT('Ctrl Pts',(8.49063763691341,-43.6215724552159,5.77));
#4269=CARTESIAN_POINT('Ctrl Pts',(8.53331302110479,-43.5664795705956,5.77));
#4270=CARTESIAN_POINT('Ctrl Pts',(8.63467606931132,-43.4414310374508,5.77));
#4271=CARTESIAN_POINT('Ctrl Pts',(8.686183387179,-43.3802686423906,5.77));
#4272=CARTESIAN_POINT('Ctrl Pts',(8.73769070504716,-43.3191062473299,5.77));
#4273=CARTESIAN_POINT('Ctrl Pts',(8.25323011277726,-43.966272767687,6.37));
#4274=CARTESIAN_POINT('Ctrl Pts',(8.25323011277726,-43.966272767687,5.77));
#4275=CARTESIAN_POINT('Ctrl Pts',(8.2845105414157,-43.9128985570982,6.37));
#4276=CARTESIAN_POINT('Ctrl Pts',(8.2845105414157,-43.9128985570982,5.77));
#4277=CARTESIAN_POINT('Ctrl Pts',(8.30835559968246,-43.8722114176686,6.37));
#4278=CARTESIAN_POINT('Ctrl Pts',(8.30835559968246,-43.8722114176686,5.77));
#4279=CARTESIAN_POINT('Ctrl Pts',(8.37015363693493,-43.7801831273877,6.37));
#4280=CARTESIAN_POINT('Ctrl Pts',(8.37015363693493,-43.7801831273877,5.77));
#4281=CARTESIAN_POINT('Ctrl Pts',(8.40309947192106,-43.7361164774341,6.37));
#4282=CARTESIAN_POINT('Ctrl Pts',(8.40309947192106,-43.7361164774341,5.77));
#4283=CARTESIAN_POINT('Ctrl Pts',(8.4360453069072,-43.6920498274805,6.37));
#4284=CARTESIAN_POINT('Ctrl Pts',(8.4360453069072,-43.6920498274805,5.77));
#4285=CARTESIAN_POINT('',(8.25323011277726,-43.966272767687,6.37));
#4286=CARTESIAN_POINT('Ctrl Pts',(8.25323011277726,-43.966272767687,6.37));
#4287=CARTESIAN_POINT('Ctrl Pts',(8.2845105414157,-43.9128985570982,6.37));
#4288=CARTESIAN_POINT('Ctrl Pts',(8.30835559968246,-43.8722114176686,6.37));
#4289=CARTESIAN_POINT('Ctrl Pts',(8.37015363693493,-43.7801831273877,6.37));
#4290=CARTESIAN_POINT('Ctrl Pts',(8.40309947192106,-43.7361164774341,6.37));
#4291=CARTESIAN_POINT('Ctrl Pts',(8.4360453069072,-43.6920498274805,6.37));
#4292=CARTESIAN_POINT('',(8.25323011277726,-43.966272767687,5.77));
#4293=CARTESIAN_POINT('',(8.25323011277726,-43.966272767687,6.37));
#4294=CARTESIAN_POINT('Ctrl Pts',(8.25323011277726,-43.966272767687,5.77));
#4295=CARTESIAN_POINT('Ctrl Pts',(8.2845105414157,-43.9128985570982,5.77));
#4296=CARTESIAN_POINT('Ctrl Pts',(8.30835559968246,-43.8722114176686,5.77));
#4297=CARTESIAN_POINT('Ctrl Pts',(8.37015363693493,-43.7801831273877,5.77));
#4298=CARTESIAN_POINT('Ctrl Pts',(8.40309947192106,-43.7361164774341,5.77));
#4299=CARTESIAN_POINT('Ctrl Pts',(8.4360453069072,-43.6920498274805,5.77));
#4300=CARTESIAN_POINT('Ctrl Pts',(8.13074375985672,-44.4178266786577,6.37));
#4301=CARTESIAN_POINT('Ctrl Pts',(8.13074375985672,-44.4178266786577,5.77));
#4302=CARTESIAN_POINT('Ctrl Pts',(8.13671610657819,-44.3352050659557,6.37));
#4303=CARTESIAN_POINT('Ctrl Pts',(8.13671610657819,-44.3352050659557,5.77));
#4304=CARTESIAN_POINT('Ctrl Pts',(8.14218640552091,-44.2595287963604,6.37));
#4305=CARTESIAN_POINT('Ctrl Pts',(8.14218640552091,-44.2595287963604,5.77));
#4306=CARTESIAN_POINT('Ctrl Pts',(8.18349641696077,-44.1090478331032,6.37));
#4307=CARTESIAN_POINT('Ctrl Pts',(8.18349641696077,-44.1090478331032,5.77));
#4308=CARTESIAN_POINT('Ctrl Pts',(8.21836326486899,-44.0376603003952,6.37));
#4309=CARTESIAN_POINT('Ctrl Pts',(8.21836326486899,-44.0376603003952,5.77));
#4310=CARTESIAN_POINT('Ctrl Pts',(8.25323011277726,-43.966272767687,6.37));
#4311=CARTESIAN_POINT('Ctrl Pts',(8.25323011277726,-43.966272767687,5.77));
#4312=CARTESIAN_POINT('',(8.13074375985672,-44.4178266786577,6.37));
#4313=CARTESIAN_POINT('Ctrl Pts',(8.13074375985672,-44.4178266786577,6.37));
#4314=CARTESIAN_POINT('Ctrl Pts',(8.13671610657819,-44.3352050659557,6.37));
#4315=CARTESIAN_POINT('Ctrl Pts',(8.14218640552091,-44.2595287963604,6.37));
#4316=CARTESIAN_POINT('Ctrl Pts',(8.18349641696077,-44.1090478331032,6.37));
#4317=CARTESIAN_POINT('Ctrl Pts',(8.21836326486899,-44.0376603003952,6.37));
#4318=CARTESIAN_POINT('Ctrl Pts',(8.25323011277726,-43.966272767687,6.37));
#4319=CARTESIAN_POINT('',(8.13074375985672,-44.4178266786577,5.77));
#4320=CARTESIAN_POINT('',(8.13074375985672,-44.4178266786577,6.37));
#4321=CARTESIAN_POINT('Ctrl Pts',(8.13074375985672,-44.4178266786577,5.77));
#4322=CARTESIAN_POINT('Ctrl Pts',(8.13671610657819,-44.3352050659557,5.77));
#4323=CARTESIAN_POINT('Ctrl Pts',(8.14218640552091,-44.2595287963604,5.77));
#4324=CARTESIAN_POINT('Ctrl Pts',(8.18349641696077,-44.1090478331032,5.77));
#4325=CARTESIAN_POINT('Ctrl Pts',(8.21836326486899,-44.0376603003952,5.77));
#4326=CARTESIAN_POINT('Ctrl Pts',(8.25323011277726,-43.966272767687,5.77));
#4327=CARTESIAN_POINT('Ctrl Pts',(8.39399780629685,-45.0247736238481,6.37));
#4328=CARTESIAN_POINT('Ctrl Pts',(8.39399780629685,-45.0247736238481,5.77));
#4329=CARTESIAN_POINT('Ctrl Pts',(8.31678724986359,-44.9376459241275,6.37));
#4330=CARTESIAN_POINT('Ctrl Pts',(8.31678724986359,-44.9376459241275,5.77));
#4331=CARTESIAN_POINT('Ctrl Pts',(8.24014608964594,-44.8511607554905,6.37));
#4332=CARTESIAN_POINT('Ctrl Pts',(8.24014608964594,-44.8511607554905,5.77));
#4333=CARTESIAN_POINT('Ctrl Pts',(8.1524763876952,-44.6488088205255,6.37));
#4334=CARTESIAN_POINT('Ctrl Pts',(8.1524763876952,-44.6488088205255,5.77));
#4335=CARTESIAN_POINT('Ctrl Pts',(8.14161007377596,-44.5333177495916,6.37));
#4336=CARTESIAN_POINT('Ctrl Pts',(8.14161007377596,-44.5333177495916,5.77));
#4337=CARTESIAN_POINT('Ctrl Pts',(8.13074375985672,-44.4178266786577,6.37));
#4338=CARTESIAN_POINT('Ctrl Pts',(8.13074375985672,-44.4178266786577,5.77));
#4339=CARTESIAN_POINT('',(8.39399780629685,-45.0247736238481,6.37));
#4340=CARTESIAN_POINT('Ctrl Pts',(8.39399780629685,-45.0247736238481,6.37));
#4341=CARTESIAN_POINT('Ctrl Pts',(8.31678724986359,-44.9376459241275,6.37));
#4342=CARTESIAN_POINT('Ctrl Pts',(8.24014608964594,-44.8511607554905,6.37));
#4343=CARTESIAN_POINT('Ctrl Pts',(8.1524763876952,-44.6488088205255,6.37));
#4344=CARTESIAN_POINT('Ctrl Pts',(8.14161007377596,-44.5333177495916,6.37));
#4345=CARTESIAN_POINT('Ctrl Pts',(8.13074375985672,-44.4178266786577,6.37));
#4346=CARTESIAN_POINT('',(8.39399780629685,-45.0247736238481,5.77));
#4347=CARTESIAN_POINT('',(8.39399780629685,-45.0247736238481,6.37));
#4348=CARTESIAN_POINT('Ctrl Pts',(8.39399780629685,-45.0247736238481,5.77));
#4349=CARTESIAN_POINT('Ctrl Pts',(8.31678724986359,-44.9376459241275,5.77));
#4350=CARTESIAN_POINT('Ctrl Pts',(8.24014608964594,-44.8511607554905,5.77));
#4351=CARTESIAN_POINT('Ctrl Pts',(8.1524763876952,-44.6488088205255,5.77));
#4352=CARTESIAN_POINT('Ctrl Pts',(8.14161007377596,-44.5333177495916,5.77));
#4353=CARTESIAN_POINT('Ctrl Pts',(8.13074375985672,-44.4178266786577,5.77));
#4354=CARTESIAN_POINT('Ctrl Pts',(9.04116417764237,-45.2697463296892,6.37));
#4355=CARTESIAN_POINT('Ctrl Pts',(9.04116417764237,-45.2697463296892,5.77));
#4356=CARTESIAN_POINT('Ctrl Pts',(8.92116609839269,-45.2605923645036,6.37));
#4357=CARTESIAN_POINT('Ctrl Pts',(8.92116609839269,-45.2605923645036,5.77));
#4358=CARTESIAN_POINT('Ctrl Pts',(8.80116801914313,-45.251438399318,6.37));
#4359=CARTESIAN_POINT('Ctrl Pts',(8.80116801914313,-45.251438399318,5.77));
#4360=CARTESIAN_POINT('Ctrl Pts',(8.5850336709051,-45.1705953064891,6.37));
#4361=CARTESIAN_POINT('Ctrl Pts',(8.5850336709051,-45.1705953064891,5.77));
#4362=CARTESIAN_POINT('Ctrl Pts',(8.49309936424847,-45.1004199217958,6.37));
#4363=CARTESIAN_POINT('Ctrl Pts',(8.49309936424847,-45.1004199217958,5.77));
#4364=CARTESIAN_POINT('Ctrl Pts',(8.39399780629685,-45.0247736238481,6.37));
#4365=CARTESIAN_POINT('Ctrl Pts',(8.39399780629685,-45.0247736238481,5.77));
#4366=CARTESIAN_POINT('',(9.04116417764237,-45.2697463296892,6.37));
#4367=CARTESIAN_POINT('Ctrl Pts',(9.04116417764237,-45.2697463296892,6.37));
#4368=CARTESIAN_POINT('Ctrl Pts',(8.92116609839269,-45.2605923645036,6.37));
#4369=CARTESIAN_POINT('Ctrl Pts',(8.80116801914313,-45.251438399318,6.37));
#4370=CARTESIAN_POINT('Ctrl Pts',(8.5850336709051,-45.1705953064891,6.37));
#4371=CARTESIAN_POINT('Ctrl Pts',(8.49309936424847,-45.1004199217958,6.37));
#4372=CARTESIAN_POINT('Ctrl Pts',(8.39399780629685,-45.0247736238481,6.37));
#4373=CARTESIAN_POINT('',(9.04116417764237,-45.2697463296892,5.77));
#4374=CARTESIAN_POINT('',(9.04116417764237,-45.2697463296892,6.37));
#4375=CARTESIAN_POINT('Ctrl Pts',(9.04116417764237,-45.2697463296892,5.77));
#4376=CARTESIAN_POINT('Ctrl Pts',(8.92116609839269,-45.2605923645036,5.77));
#4377=CARTESIAN_POINT('Ctrl Pts',(8.80116801914313,-45.251438399318,5.77));
#4378=CARTESIAN_POINT('Ctrl Pts',(8.5850336709051,-45.1705953064891,5.77));
#4379=CARTESIAN_POINT('Ctrl Pts',(8.49309936424847,-45.1004199217958,5.77));
#4380=CARTESIAN_POINT('Ctrl Pts',(8.39399780629685,-45.0247736238481,5.77));
#4381=CARTESIAN_POINT('Ctrl Pts',(9.94244422315171,-44.3776074015142,6.37));
#4382=CARTESIAN_POINT('Ctrl Pts',(9.94244422315171,-44.3776074015142,5.77));
#4383=CARTESIAN_POINT('Ctrl Pts',(9.90366342807889,-44.5548021193486,6.37));
#4384=CARTESIAN_POINT('Ctrl Pts',(9.90366342807889,-44.5548021193486,5.77));
#4385=CARTESIAN_POINT('Ctrl Pts',(9.86488263300607,-44.731996837183,6.37));
#4386=CARTESIAN_POINT('Ctrl Pts',(9.86488263300607,-44.731996837183,5.77));
#4387=CARTESIAN_POINT('Ctrl Pts',(9.74715728655052,-44.9635172198582,6.37));
#4388=CARTESIAN_POINT('Ctrl Pts',(9.74715728655052,-44.9635172198582,5.77));
#4389=CARTESIAN_POINT('Ctrl Pts',(9.69893488706253,-45.0183764450116,6.37));
#4390=CARTESIAN_POINT('Ctrl Pts',(9.69893488706253,-45.0183764450116,5.77));
#4391=CARTESIAN_POINT('Ctrl Pts',(9.6066490220248,-45.0983016189626,6.37));
#4392=CARTESIAN_POINT('Ctrl Pts',(9.6066490220248,-45.0983016189626,5.77));
#4393=CARTESIAN_POINT('Ctrl Pts',(9.54934850845821,-45.1305953995462,6.37));
#4394=CARTESIAN_POINT('Ctrl Pts',(9.54934850845821,-45.1305953995462,5.77));
#4395=CARTESIAN_POINT('Ctrl Pts',(9.35741238353241,-45.2122294788196,6.37));
#4396=CARTESIAN_POINT('Ctrl Pts',(9.35741238353241,-45.2122294788196,5.77));
#4397=CARTESIAN_POINT('Ctrl Pts',(9.19928828058741,-45.2409879042544,6.37));
#4398=CARTESIAN_POINT('Ctrl Pts',(9.19928828058741,-45.2409879042544,5.77));
#4399=CARTESIAN_POINT('Ctrl Pts',(9.04116417764237,-45.2697463296892,6.37));
#4400=CARTESIAN_POINT('Ctrl Pts',(9.04116417764237,-45.2697463296892,5.77));
#4401=CARTESIAN_POINT('',(9.94244422315171,-44.3776074015142,6.37));
#4402=CARTESIAN_POINT('Ctrl Pts',(9.94244422315171,-44.3776074015142,6.37));
#4403=CARTESIAN_POINT('Ctrl Pts',(9.90366342807889,-44.5548021193486,6.37));
#4404=CARTESIAN_POINT('Ctrl Pts',(9.86488263300607,-44.731996837183,6.37));
#4405=CARTESIAN_POINT('Ctrl Pts',(9.74715728655052,-44.9635172198582,6.37));
#4406=CARTESIAN_POINT('Ctrl Pts',(9.69893488706253,-45.0183764450116,6.37));
#4407=CARTESIAN_POINT('Ctrl Pts',(9.6066490220248,-45.0983016189626,6.37));
#4408=CARTESIAN_POINT('Ctrl Pts',(9.54934850845821,-45.1305953995462,6.37));
#4409=CARTESIAN_POINT('Ctrl Pts',(9.35741238353241,-45.2122294788196,6.37));
#4410=CARTESIAN_POINT('Ctrl Pts',(9.19928828058741,-45.2409879042544,6.37));
#4411=CARTESIAN_POINT('Ctrl Pts',(9.04116417764237,-45.2697463296892,6.37));
#4412=CARTESIAN_POINT('',(9.94244422315171,-44.3776074015142,5.77));
#4413=CARTESIAN_POINT('',(9.94244422315171,-44.3776074015142,6.37));
#4414=CARTESIAN_POINT('Ctrl Pts',(9.94244422315171,-44.3776074015142,5.77));
#4415=CARTESIAN_POINT('Ctrl Pts',(9.90366342807889,-44.5548021193486,5.77));
#4416=CARTESIAN_POINT('Ctrl Pts',(9.86488263300607,-44.731996837183,5.77));
#4417=CARTESIAN_POINT('Ctrl Pts',(9.74715728655052,-44.9635172198582,5.77));
#4418=CARTESIAN_POINT('Ctrl Pts',(9.69893488706253,-45.0183764450116,5.77));
#4419=CARTESIAN_POINT('Ctrl Pts',(9.6066490220248,-45.0983016189626,5.77));
#4420=CARTESIAN_POINT('Ctrl Pts',(9.54934850845821,-45.1305953995462,5.77));
#4421=CARTESIAN_POINT('Ctrl Pts',(9.35741238353241,-45.2122294788196,5.77));
#4422=CARTESIAN_POINT('Ctrl Pts',(9.19928828058741,-45.2409879042544,5.77));
#4423=CARTESIAN_POINT('Ctrl Pts',(9.04116417764237,-45.2697463296892,5.77));
#4424=CARTESIAN_POINT('Origin',(9.51831247209122,-44.3776074015142,6.37));
#4425=CARTESIAN_POINT('',(9.51831247209122,-44.3776074015142,6.37));
#4426=CARTESIAN_POINT('',(12.8236723650779,-44.3776074015142,6.37));
#4427=CARTESIAN_POINT('',(9.51831247209122,-44.3776074015142,5.77));
#4428=CARTESIAN_POINT('',(9.51831247209122,-44.3776074015142,6.37));
#4429=CARTESIAN_POINT('',(11.2551315363358,-44.3776074015142,5.77));
#4430=CARTESIAN_POINT('Ctrl Pts',(9.02836706040909,-44.8840059303285,6.37));
#4431=CARTESIAN_POINT('Ctrl Pts',(9.02836706040909,-44.8840059303285,5.77));
#4432=CARTESIAN_POINT('Ctrl Pts',(9.11482778105567,-44.8663479768161,6.37));
#4433=CARTESIAN_POINT('Ctrl Pts',(9.11482778105567,-44.8663479768161,5.77));
#4434=CARTESIAN_POINT('Ctrl Pts',(9.20128850170214,-44.8486900233037,6.37));
#4435=CARTESIAN_POINT('Ctrl Pts',(9.20128850170214,-44.8486900233037,5.77));
#4436=CARTESIAN_POINT('Ctrl Pts',(9.32577754410683,-44.7922400951004,6.37));
#4437=CARTESIAN_POINT('Ctrl Pts',(9.32577754410683,-44.7922400951004,5.77));
#4438=CARTESIAN_POINT('Ctrl Pts',(9.35722378638863,-44.7664399826617,6.37));
#4439=CARTESIAN_POINT('Ctrl Pts',(9.35722378638863,-44.7664399826617,5.77));
#4440=CARTESIAN_POINT('Ctrl Pts',(9.40470850665623,-44.7159087416975,6.37));
#4441=CARTESIAN_POINT('Ctrl Pts',(9.40470850665623,-44.7159087416975,5.77));
#4442=CARTESIAN_POINT('Ctrl Pts',(9.42476239383055,-44.6834668593901,6.37));
#4443=CARTESIAN_POINT('Ctrl Pts',(9.42476239383055,-44.6834668593901,5.77));
#4444=CARTESIAN_POINT('Ctrl Pts',(9.47807997865579,-44.5703972610689,6.37));
#4445=CARTESIAN_POINT('Ctrl Pts',(9.47807997865579,-44.5703972610689,5.77));
#4446=CARTESIAN_POINT('Ctrl Pts',(9.4981962253735,-44.4740023312916,6.37));
#4447=CARTESIAN_POINT('Ctrl Pts',(9.4981962253735,-44.4740023312916,5.77));
#4448=CARTESIAN_POINT('Ctrl Pts',(9.51831247209122,-44.3776074015142,6.37));
#4449=CARTESIAN_POINT('Ctrl Pts',(9.51831247209122,-44.3776074015142,5.77));
#4450=CARTESIAN_POINT('',(9.02836706040909,-44.8840059303285,6.37));
#4451=CARTESIAN_POINT('Ctrl Pts',(9.02836706040909,-44.8840059303285,6.37));
#4452=CARTESIAN_POINT('Ctrl Pts',(9.11482778105567,-44.8663479768161,6.37));
#4453=CARTESIAN_POINT('Ctrl Pts',(9.20128850170214,-44.8486900233037,6.37));
#4454=CARTESIAN_POINT('Ctrl Pts',(9.32577754410683,-44.7922400951004,6.37));
#4455=CARTESIAN_POINT('Ctrl Pts',(9.35722378638863,-44.7664399826617,6.37));
#4456=CARTESIAN_POINT('Ctrl Pts',(9.40470850665623,-44.7159087416975,6.37));
#4457=CARTESIAN_POINT('Ctrl Pts',(9.42476239383055,-44.6834668593901,6.37));
#4458=CARTESIAN_POINT('Ctrl Pts',(9.47807997865579,-44.5703972610689,6.37));
#4459=CARTESIAN_POINT('Ctrl Pts',(9.4981962253735,-44.4740023312916,6.37));
#4460=CARTESIAN_POINT('Ctrl Pts',(9.51831247209122,-44.3776074015142,6.37));
#4461=CARTESIAN_POINT('',(9.02836706040909,-44.8840059303285,5.77));
#4462=CARTESIAN_POINT('',(9.02836706040909,-44.8840059303285,6.37));
#4463=CARTESIAN_POINT('Ctrl Pts',(9.02836706040909,-44.8840059303285,5.77));
#4464=CARTESIAN_POINT('Ctrl Pts',(9.11482778105567,-44.8663479768161,5.77));
#4465=CARTESIAN_POINT('Ctrl Pts',(9.20128850170214,-44.8486900233037,5.77));
#4466=CARTESIAN_POINT('Ctrl Pts',(9.32577754410683,-44.7922400951004,5.77));
#4467=CARTESIAN_POINT('Ctrl Pts',(9.35722378638863,-44.7664399826617,5.77));
#4468=CARTESIAN_POINT('Ctrl Pts',(9.40470850665623,-44.7159087416975,5.77));
#4469=CARTESIAN_POINT('Ctrl Pts',(9.42476239383055,-44.6834668593901,5.77));
#4470=CARTESIAN_POINT('Ctrl Pts',(9.47807997865579,-44.5703972610689,5.77));
#4471=CARTESIAN_POINT('Ctrl Pts',(9.4981962253735,-44.4740023312916,5.77));
#4472=CARTESIAN_POINT('Ctrl Pts',(9.51831247209122,-44.3776074015142,5.77));
#4473=CARTESIAN_POINT('Ctrl Pts',(8.68467416165879,-44.7505506836416,6.37));
#4474=CARTESIAN_POINT('Ctrl Pts',(8.68467416165879,-44.7505506836416,5.77));
#4475=CARTESIAN_POINT('Ctrl Pts',(8.73672746064958,-44.7913824247522,6.37));
#4476=CARTESIAN_POINT('Ctrl Pts',(8.73672746064958,-44.7913824247522,5.77));
#4477=CARTESIAN_POINT('Ctrl Pts',(8.78559803709109,-44.8297175689962,6.37));
#4478=CARTESIAN_POINT('Ctrl Pts',(8.78559803709109,-44.8297175689962,5.77));
#4479=CARTESIAN_POINT('Ctrl Pts',(8.90034399808802,-44.8738336172626,6.37));
#4480=CARTESIAN_POINT('Ctrl Pts',(8.90034399808802,-44.8738336172626,5.77));
#4481=CARTESIAN_POINT('Ctrl Pts',(8.96435552924861,-44.8789197737956,6.37));
#4482=CARTESIAN_POINT('Ctrl Pts',(8.96435552924861,-44.8789197737956,5.77));
#4483=CARTESIAN_POINT('Ctrl Pts',(9.02836706040909,-44.8840059303285,6.37));
#4484=CARTESIAN_POINT('Ctrl Pts',(9.02836706040909,-44.8840059303285,5.77));
#4485=CARTESIAN_POINT('',(8.68467416165879,-44.7505506836416,6.37));
#4486=CARTESIAN_POINT('Ctrl Pts',(8.68467416165879,-44.7505506836416,6.37));
#4487=CARTESIAN_POINT('Ctrl Pts',(8.73672746064958,-44.7913824247522,6.37));
#4488=CARTESIAN_POINT('Ctrl Pts',(8.78559803709109,-44.8297175689962,6.37));
#4489=CARTESIAN_POINT('Ctrl Pts',(8.90034399808802,-44.8738336172626,6.37));
#4490=CARTESIAN_POINT('Ctrl Pts',(8.96435552924861,-44.8789197737956,6.37));
#4491=CARTESIAN_POINT('Ctrl Pts',(9.02836706040909,-44.8840059303285,6.37));
#4492=CARTESIAN_POINT('',(8.68467416165879,-44.7505506836416,5.77));
#4493=CARTESIAN_POINT('',(8.68467416165879,-44.7505506836416,6.37));
#4494=CARTESIAN_POINT('Ctrl Pts',(8.68467416165879,-44.7505506836416,5.77));
#4495=CARTESIAN_POINT('Ctrl Pts',(8.73672746064958,-44.7913824247522,5.77));
#4496=CARTESIAN_POINT('Ctrl Pts',(8.78559803709109,-44.8297175689962,5.77));
#4497=CARTESIAN_POINT('Ctrl Pts',(8.90034399808802,-44.8738336172626,5.77));
#4498=CARTESIAN_POINT('Ctrl Pts',(8.96435552924861,-44.8789197737956,5.77));
#4499=CARTESIAN_POINT('Ctrl Pts',(9.02836706040909,-44.8840059303285,5.77));
#4500=CARTESIAN_POINT('Ctrl Pts',(8.54573454259446,-44.4196549021246,6.37));
#4501=CARTESIAN_POINT('Ctrl Pts',(8.54573454259446,-44.4196549021246,5.77));
#4502=CARTESIAN_POINT('Ctrl Pts',(8.55132272192854,-44.4822115529922,6.37));
#4503=CARTESIAN_POINT('Ctrl Pts',(8.55132272192854,-44.4822115529922,5.77));
#4504=CARTESIAN_POINT('Ctrl Pts',(8.55691090126263,-44.5447682038599,6.37));
#4505=CARTESIAN_POINT('Ctrl Pts',(8.55691090126263,-44.5447682038599,5.77));
#4506=CARTESIAN_POINT('Ctrl Pts',(8.60306508125408,-44.6551400119074,6.37));
#4507=CARTESIAN_POINT('Ctrl Pts',(8.60306508125408,-44.6551400119074,5.77));
#4508=CARTESIAN_POINT('Ctrl Pts',(8.64332070518281,-44.7022035996978,6.37));
#4509=CARTESIAN_POINT('Ctrl Pts',(8.64332070518281,-44.7022035996978,5.77));
#4510=CARTESIAN_POINT('Ctrl Pts',(8.68467416165879,-44.7505506836416,6.37));
#4511=CARTESIAN_POINT('Ctrl Pts',(8.68467416165879,-44.7505506836416,5.77));
#4512=CARTESIAN_POINT('',(8.54573454259446,-44.4196549021246,6.37));
#4513=CARTESIAN_POINT('Ctrl Pts',(8.54573454259446,-44.4196549021246,6.37));
#4514=CARTESIAN_POINT('Ctrl Pts',(8.55132272192854,-44.4822115529922,6.37));
#4515=CARTESIAN_POINT('Ctrl Pts',(8.55691090126263,-44.5447682038599,6.37));
#4516=CARTESIAN_POINT('Ctrl Pts',(8.60306508125408,-44.6551400119074,6.37));
#4517=CARTESIAN_POINT('Ctrl Pts',(8.64332070518281,-44.7022035996978,6.37));
#4518=CARTESIAN_POINT('Ctrl Pts',(8.68467416165879,-44.7505506836416,6.37));
#4519=CARTESIAN_POINT('',(8.54573454259446,-44.4196549021246,5.77));
#4520=CARTESIAN_POINT('',(8.54573454259446,-44.4196549021246,6.37));
#4521=CARTESIAN_POINT('Ctrl Pts',(8.54573454259446,-44.4196549021246,5.77));
#4522=CARTESIAN_POINT('Ctrl Pts',(8.55132272192854,-44.4822115529922,5.77));
#4523=CARTESIAN_POINT('Ctrl Pts',(8.55691090126263,-44.5447682038599,5.77));
#4524=CARTESIAN_POINT('Ctrl Pts',(8.60306508125408,-44.6551400119074,5.77));
#4525=CARTESIAN_POINT('Ctrl Pts',(8.64332070518281,-44.7022035996978,5.77));
#4526=CARTESIAN_POINT('Ctrl Pts',(8.68467416165879,-44.7505506836416,5.77));
#4527=CARTESIAN_POINT('Ctrl Pts',(8.64993955491593,-44.1106969081403,6.37));
#4528=CARTESIAN_POINT('Ctrl Pts',(8.64993955491593,-44.1106969081403,5.77));
#4529=CARTESIAN_POINT('Ctrl Pts',(8.62238970484704,-44.1589084551187,6.37));
#4530=CARTESIAN_POINT('Ctrl Pts',(8.62238970484704,-44.1589084551187,5.77));
#4531=CARTESIAN_POINT('Ctrl Pts',(8.59483985477818,-44.2071200020969,6.37));
#4532=CARTESIAN_POINT('Ctrl Pts',(8.59483985477818,-44.2071200020969,5.77));
#4533=CARTESIAN_POINT('Ctrl Pts',(8.55859692224286,-44.3105666691275,6.37));
#4534=CARTESIAN_POINT('Ctrl Pts',(8.55859692224286,-44.3105666691275,5.77));
#4535=CARTESIAN_POINT('Ctrl Pts',(8.55300948862769,-44.3579547323576,6.37));
#4536=CARTESIAN_POINT('Ctrl Pts',(8.55300948862769,-44.3579547323576,5.77));
#4537=CARTESIAN_POINT('Ctrl Pts',(8.54573454259446,-44.4196549021246,6.37));
#4538=CARTESIAN_POINT('Ctrl Pts',(8.54573454259446,-44.4196549021246,5.77));
#4539=CARTESIAN_POINT('',(8.64993955491593,-44.1106969081403,6.37));
#4540=CARTESIAN_POINT('Ctrl Pts',(8.64993955491593,-44.1106969081403,6.37));
#4541=CARTESIAN_POINT('Ctrl Pts',(8.62238970484704,-44.1589084551187,6.37));
#4542=CARTESIAN_POINT('Ctrl Pts',(8.59483985477818,-44.2071200020969,6.37));
#4543=CARTESIAN_POINT('Ctrl Pts',(8.55859692224286,-44.3105666691275,6.37));
#4544=CARTESIAN_POINT('Ctrl Pts',(8.55300948862769,-44.3579547323576,6.37));
#4545=CARTESIAN_POINT('Ctrl Pts',(8.54573454259446,-44.4196549021246,6.37));
#4546=CARTESIAN_POINT('',(8.64993955491593,-44.1106969081403,5.77));
#4547=CARTESIAN_POINT('',(8.64993955491593,-44.1106969081403,6.37));
#4548=CARTESIAN_POINT('Ctrl Pts',(8.64993955491593,-44.1106969081403,5.77));
#4549=CARTESIAN_POINT('Ctrl Pts',(8.62238970484704,-44.1589084551187,5.77));
#4550=CARTESIAN_POINT('Ctrl Pts',(8.59483985477818,-44.2071200020969,5.77));
#4551=CARTESIAN_POINT('Ctrl Pts',(8.55859692224286,-44.3105666691275,5.77));
#4552=CARTESIAN_POINT('Ctrl Pts',(8.55300948862769,-44.3579547323576,5.77));
#4553=CARTESIAN_POINT('Ctrl Pts',(8.54573454259446,-44.4196549021246,5.77));
#4554=CARTESIAN_POINT('Ctrl Pts',(8.79984821675827,-43.8931466602327,6.37));
#4555=CARTESIAN_POINT('Ctrl Pts',(8.79984821675827,-43.8931466602327,5.77));
#4556=CARTESIAN_POINT('Ctrl Pts',(8.7733271947085,-43.9283541637141,6.37));
#4557=CARTESIAN_POINT('Ctrl Pts',(8.7733271947085,-43.9283541637141,5.77));
#4558=CARTESIAN_POINT('Ctrl Pts',(8.74680617265876,-43.9635616671954,6.37));
#4559=CARTESIAN_POINT('Ctrl Pts',(8.74680617265876,-43.9635616671954,5.77));
#4560=CARTESIAN_POINT('Ctrl Pts',(8.69607517691449,-44.0367314676899,6.37));
#4561=CARTESIAN_POINT('Ctrl Pts',(8.69607517691449,-44.0367314676899,5.77));
#4562=CARTESIAN_POINT('Ctrl Pts',(8.67631570322795,-44.0684102033606,6.37));
#4563=CARTESIAN_POINT('Ctrl Pts',(8.67631570322795,-44.0684102033606,5.77));
#4564=CARTESIAN_POINT('Ctrl Pts',(8.64993955491593,-44.1106969081403,6.37));
#4565=CARTESIAN_POINT('Ctrl Pts',(8.64993955491593,-44.1106969081403,5.77));
#4566=CARTESIAN_POINT('',(8.79984821675827,-43.8931466602327,6.37));
#4567=CARTESIAN_POINT('Ctrl Pts',(8.79984821675827,-43.8931466602327,6.37));
#4568=CARTESIAN_POINT('Ctrl Pts',(8.7733271947085,-43.9283541637141,6.37));
#4569=CARTESIAN_POINT('Ctrl Pts',(8.74680617265876,-43.9635616671954,6.37));
#4570=CARTESIAN_POINT('Ctrl Pts',(8.69607517691449,-44.0367314676899,6.37));
#4571=CARTESIAN_POINT('Ctrl Pts',(8.67631570322795,-44.0684102033606,6.37));
#4572=CARTESIAN_POINT('Ctrl Pts',(8.64993955491593,-44.1106969081403,6.37));
#4573=CARTESIAN_POINT('',(8.79984821675827,-43.8931466602327,5.77));
#4574=CARTESIAN_POINT('',(8.79984821675827,-43.8931466602327,6.37));
#4575=CARTESIAN_POINT('Ctrl Pts',(8.79984821675827,-43.8931466602327,5.77));
#4576=CARTESIAN_POINT('Ctrl Pts',(8.7733271947085,-43.9283541637141,5.77));
#4577=CARTESIAN_POINT('Ctrl Pts',(8.74680617265876,-43.9635616671954,5.77));
#4578=CARTESIAN_POINT('Ctrl Pts',(8.69607517691449,-44.0367314676899,5.77));
#4579=CARTESIAN_POINT('Ctrl Pts',(8.67631570322795,-44.0684102033606,5.77));
#4580=CARTESIAN_POINT('Ctrl Pts',(8.64993955491593,-44.1106969081403,5.77));
#4581=CARTESIAN_POINT('Ctrl Pts',(9.04116417764237,-43.586017038727,6.37));
#4582=CARTESIAN_POINT('Ctrl Pts',(9.04116417764237,-43.586017038727,5.77));
#4583=CARTESIAN_POINT('Ctrl Pts',(9.00017383013983,-43.6366006069791,6.37));
#4584=CARTESIAN_POINT('Ctrl Pts',(9.00017383013983,-43.6366006069791,5.77));
#4585=CARTESIAN_POINT('Ctrl Pts',(8.95918348263778,-43.6871841752307,6.37));
#4586=CARTESIAN_POINT('Ctrl Pts',(8.95918348263778,-43.6871841752307,5.77));
#4587=CARTESIAN_POINT('Ctrl Pts',(8.87816324772432,-43.7901358958872,6.37));
#4588=CARTESIAN_POINT('Ctrl Pts',(8.87816324772432,-43.7901358958872,5.77));
#4589=CARTESIAN_POINT('Ctrl Pts',(8.84366567752096,-43.835511873281,6.37));
#4590=CARTESIAN_POINT('Ctrl Pts',(8.84366567752096,-43.835511873281,5.77));
#4591=CARTESIAN_POINT('Ctrl Pts',(8.79984821675827,-43.8931466602327,6.37));
#4592=CARTESIAN_POINT('Ctrl Pts',(8.79984821675827,-43.8931466602327,5.77));
#4593=CARTESIAN_POINT('',(9.04116417764237,-43.586017038727,6.37));
#4594=CARTESIAN_POINT('Ctrl Pts',(9.04116417764237,-43.586017038727,6.37));
#4595=CARTESIAN_POINT('Ctrl Pts',(9.00017383013983,-43.6366006069791,6.37));
#4596=CARTESIAN_POINT('Ctrl Pts',(8.95918348263778,-43.6871841752307,6.37));
#4597=CARTESIAN_POINT('Ctrl Pts',(8.87816324772432,-43.7901358958872,6.37));
#4598=CARTESIAN_POINT('Ctrl Pts',(8.84366567752096,-43.835511873281,6.37));
#4599=CARTESIAN_POINT('Ctrl Pts',(8.79984821675827,-43.8931466602327,6.37));
#4600=CARTESIAN_POINT('',(9.04116417764237,-43.586017038727,5.77));
#4601=CARTESIAN_POINT('',(9.04116417764237,-43.586017038727,6.37));
#4602=CARTESIAN_POINT('Ctrl Pts',(9.04116417764237,-43.586017038727,5.77));
#4603=CARTESIAN_POINT('Ctrl Pts',(9.00017383013983,-43.6366006069791,5.77));
#4604=CARTESIAN_POINT('Ctrl Pts',(8.95918348263778,-43.6871841752307,5.77));
#4605=CARTESIAN_POINT('Ctrl Pts',(8.87816324772432,-43.7901358958872,5.77));
#4606=CARTESIAN_POINT('Ctrl Pts',(8.84366567752096,-43.835511873281,5.77));
#4607=CARTESIAN_POINT('Ctrl Pts',(8.79984821675827,-43.8931466602327,5.77));
#4608=CARTESIAN_POINT('Origin',(10.0210544049602,-42.3995451592447,6.37));
#4609=CARTESIAN_POINT('',(10.0210544049602,-42.3995451592447,6.37));
#4610=CARTESIAN_POINT('',(9.58389267952388,-42.9288698525176,6.37));
#4611=CARTESIAN_POINT('',(10.0210544049602,-42.3995451592447,5.77));
#4612=CARTESIAN_POINT('',(10.0210544049602,-42.3995451592447,6.37));
#4613=CARTESIAN_POINT('',(9.69852342114387,-42.7900725182197,5.77));
#4614=CARTESIAN_POINT('Origin',(8.12525953649094,-42.3995451592447,6.37));
#4615=CARTESIAN_POINT('',(8.12525953649094,-42.3995451592447,6.37));
#4616=CARTESIAN_POINT('',(12.1271458972777,-42.3995451592447,6.37));
#4617=CARTESIAN_POINT('',(8.12525953649094,-42.3995451592447,5.77));
#4618=CARTESIAN_POINT('',(8.12525953649094,-42.3995451592447,6.37));
#4619=CARTESIAN_POINT('',(11.2944366272401,-42.3995451592447,5.77));
#4620=CARTESIAN_POINT('Origin',(8.12525953649094,-42.7999107502939,6.37));
#4621=CARTESIAN_POINT('',(8.12525953649094,-42.7999107502939,6.37));
#4622=CARTESIAN_POINT('',(8.12525953649094,-46.012344249922,6.37));
#4623=CARTESIAN_POINT('',(8.12525953649094,-42.7999107502939,5.77));
#4624=CARTESIAN_POINT('',(8.12525953649094,-42.7999107502939,6.37));
#4625=CARTESIAN_POINT('',(8.12525953649094,-43.1102398746254,5.77));
#4626=CARTESIAN_POINT('Origin',(9.17644764779618,-42.7999107502939,6.37));
#4627=CARTESIAN_POINT('',(12.6527399529303,-42.7999107502939,6.37));
#4628=CARTESIAN_POINT('',(10.3465391930055,-42.7999107502939,5.77));
#4629=CARTESIAN_POINT('Origin',(12.56781884952,-43.820934590006,5.77));
#4630=CARTESIAN_POINT('Origin',(17.010378162549,-45.2222143076898,6.37));
#4631=CARTESIAN_POINT('',(17.010378162549,-45.2222143076898,6.37));
#4632=CARTESIAN_POINT('',(16.5844183742862,-45.2222143076898,6.37));
#4633=CARTESIAN_POINT('',(16.5697052103068,-45.2222143076898,6.37));
#4634=CARTESIAN_POINT('',(17.010378162549,-45.2222143076898,5.77));
#4635=CARTESIAN_POINT('',(17.010378162549,-45.2222143076898,6.37));
#4636=CARTESIAN_POINT('',(16.5844183742862,-45.2222143076898,5.77));
#4637=CARTESIAN_POINT('',(14.5761186119031,-45.2222143076898,5.77));
#4638=CARTESIAN_POINT('',(16.5844183742862,-45.2222143076898,6.37));
#4639=CARTESIAN_POINT('Origin',(17.010378162549,-42.3995451592447,6.37));
#4640=CARTESIAN_POINT('',(17.010378162549,-42.3995451592447,6.37));
#4641=CARTESIAN_POINT('',(17.010378162549,-45.8121614543974,6.37));
#4642=CARTESIAN_POINT('',(17.010378162549,-42.3995451592447,5.77));
#4643=CARTESIAN_POINT('',(17.010378162549,-42.3995451592447,6.37));
#4644=CARTESIAN_POINT('',(17.010378162549,-44.5215744488479,5.77));
#4645=CARTESIAN_POINT('Origin',(16.5844183742862,-42.3995451592447,6.37));
#4646=CARTESIAN_POINT('',(16.5844183742862,-42.3995451592447,6.37));
#4647=CARTESIAN_POINT('',(16.3567253161753,-42.3995451592447,6.37));
#4648=CARTESIAN_POINT('',(16.5844183742862,-42.3995451592447,5.77));
#4649=CARTESIAN_POINT('',(16.5844183742862,-42.3995451592447,6.37));
#4650=CARTESIAN_POINT('',(14.7890985060345,-42.3995451592447,5.77));
#4651=CARTESIAN_POINT('Origin',(16.5844183742862,-45.2222143076898,6.37));
#4652=CARTESIAN_POINT('',(16.5844183742862,-47.2234960286199,6.37));
#4653=CARTESIAN_POINT('',(16.5844183742862,-43.1102398746254,5.77));
#4654=CARTESIAN_POINT('Origin',(12.56781884952,-43.820934590006,5.77));
#4655=CARTESIAN_POINT('Origin',(16.1290322580645,-49.22477774955,6.37));
#4656=CARTESIAN_POINT('Origin',(4.95300990602,-43.815087630175,6.17));
#4657=CARTESIAN_POINT('',(6.45300990602,-43.815087630175,6.17));
#4658=CARTESIAN_POINT('Origin',(4.95300990602,-43.815087630175,6.17));
#4659=CARTESIAN_POINT('Origin',(13.5219804424723,-58.32477774955,4.87));
#4660=CARTESIAN_POINT('',(28.455359410719,-58.32477774955,2.97));
#4661=CARTESIAN_POINT('',(28.455359410719,-58.32477774955,4.87));
#4662=CARTESIAN_POINT('',(28.455359410719,-58.32477774955,1.77));
#4663=CARTESIAN_POINT('',(13.5219804424723,-58.32477774955,2.97));
#4664=CARTESIAN_POINT('',(25.4720146686573,-58.32477774955,2.97));
#4665=CARTESIAN_POINT('',(13.5219804424723,-58.32477774955,4.87));
#4666=CARTESIAN_POINT('',(13.5219804424723,-58.32477774955,4.87));
#4667=CARTESIAN_POINT('',(14.8255063502684,-58.32477774955,4.87));
#4668=CARTESIAN_POINT('Origin',(13.5219804424723,-61.32477774955,4.87));
#4669=CARTESIAN_POINT('',(13.5219804424723,-61.32477774955,4.87));
#4670=CARTESIAN_POINT('',(13.5219804424723,-55.27477774955,4.87));
#4671=CARTESIAN_POINT('',(13.5219804424723,-61.32477774955,2.97));
#4672=CARTESIAN_POINT('',(13.5219804424723,-59.07477774955,2.97));
#4673=CARTESIAN_POINT('',(13.5219804424723,-61.32477774955,4.87));
#4674=CARTESIAN_POINT('Origin',(21.4886699265956,-59.82477774955,2.97));
#4675=CARTESIAN_POINT('',(29.455359410719,-61.32477774955,2.97));
#4676=CARTESIAN_POINT('',(29.455359410719,-58.32477774955,2.97));
#4677=CARTESIAN_POINT('',(29.455359410719,-59.07477774955,2.97));
#4678=CARTESIAN_POINT('',(17.505325184534,-61.32477774955,2.97));
#4679=CARTESIAN_POINT('',(24.9720146686573,-58.32477774955,2.97));
#4680=CARTESIAN_POINT('Origin',(29.455359410719,-58.32477774955,1.77));
#4681=CARTESIAN_POINT('',(29.455359410719,-58.32477774955,1.77));
#4682=CARTESIAN_POINT('',(29.455359410719,-58.32477774955,1.77));
#4683=CARTESIAN_POINT('',(29.455359410719,-61.32477774955,1.77));
#4684=CARTESIAN_POINT('',(29.455359410719,-53.77477774955,1.77));
#4685=CARTESIAN_POINT('',(29.455359410719,-61.32477774955,1.77));
#4686=CARTESIAN_POINT('Origin',(30.955359410719,-55.27477774955,5.87));
#4687=CARTESIAN_POINT('',(30.455359410719,-61.32477774955,6.37));
#4688=CARTESIAN_POINT('',(32.147859410719,-61.32477774955,4.6775));
#4689=CARTESIAN_POINT('',(30.455359410719,-55.27477774955,6.37));
#4690=CARTESIAN_POINT('Origin',(29.955359410719,-61.32477774955,0.1));
#4691=CARTESIAN_POINT('',(1.80270510541,-61.32477774955,6.37));
#4692=CARTESIAN_POINT('',(8.46586868173725,-61.32477774955,6.37));
#4693=CARTESIAN_POINT('',(0.802705105410002,-61.32477774955,5.37));
#4694=CARTESIAN_POINT('',(7.02336868173725,-61.32477774955,11.5906635763272));
#4695=CARTESIAN_POINT('',(0.802705105410002,-61.32477774955,0.1));
#4696=CARTESIAN_POINT('',(0.802705105410002,-61.32477774955,0.1));
#4697=CARTESIAN_POINT('',(2.30270510541,-61.32477774955,0.1));
#4698=CARTESIAN_POINT('',(31.455359410719,-61.32477774955,0.1));
#4699=CARTESIAN_POINT('',(2.30270510541,-61.32477774955,4.87));
#4700=CARTESIAN_POINT('',(2.30270510541,-61.32477774955,1.77));
#4701=CARTESIAN_POINT('',(8.46586868173725,-61.32477774955,4.87));
#4702=CARTESIAN_POINT('',(29.955359410719,-61.32477774955,1.77));
#4703=CARTESIAN_POINT('',(22.7921958343918,-61.32477774955,1.77));
#4704=CARTESIAN_POINT('',(29.955359410719,-61.32477774955,0.1));
#4705=CARTESIAN_POINT('',(29.955359410719,-61.32477774955,0.1));
#4706=CARTESIAN_POINT('',(31.455359410719,-61.32477774955,0.1));
#4707=CARTESIAN_POINT('Origin',(16.1290322580645,-49.22477774955,6.37));
#4708=CARTESIAN_POINT('',(27.455359410719,-55.000871929553,6.37));
#4709=CARTESIAN_POINT('',(23.6876282751382,-52.8586945699809,6.37));
#4710=CARTESIAN_POINT('',(27.455359410719,-45.837329708319,6.37));
#4711=CARTESIAN_POINT('',(27.455359410719,-51.821939284243,6.37));
#4712=CARTESIAN_POINT('',(30.455359410719,-44.131652777705,6.37));
#4713=CARTESIAN_POINT('',(23.4507877875326,-48.1141648532058,6.37));
#4714=CARTESIAN_POINT('',(30.455359410719,-40.8568285571189,6.37));
#4715=CARTESIAN_POINT('',(30.455359410719,-46.969100818936,6.37));
#4716=CARTESIAN_POINT('',(31.455359410719,-37.12477774955,6.37));
#4717=CARTESIAN_POINT('Origin',(31.455359410719,-39.12477774955,6.37));
#4718=CARTESIAN_POINT('',(23.7921958343918,-37.12477774955,6.37));
#4719=CARTESIAN_POINT('',(1.80270510541,-45.17477774955,6.37));
#4720=CARTESIAN_POINT('',(1.80270510541,-54.67477774955,6.37));
#4721=CARTESIAN_POINT('',(11.24699009398,-57.531140462281,6.37));
#4722=CARTESIAN_POINT('',(4.24699009398,-57.5311404617187,6.37));
#4723=CARTESIAN_POINT('Origin',(7.74699009398,-57.531140462281,6.37));
#4724=CARTESIAN_POINT('',(4.246990095143,-50.2922162118767,6.37));
#4725=CARTESIAN_POINT('',(4.24699009464725,-53.3779591046799,6.37));
#4726=CARTESIAN_POINT('',(11.24699009398,-50.292125984252,6.37));
#4727=CARTESIAN_POINT('Origin',(7.74699009398,-50.292125984252,6.37));
#4728=CARTESIAN_POINT('',(11.24699009398,-49.758451866901,6.37));
#4729=CARTESIAN_POINT('',(32.455359410719,-39.12477774955,6.37));
#4730=CARTESIAN_POINT('Origin',(31.455359410719,-39.12477774955,6.37));
#4731=CARTESIAN_POINT('',(1.80270510541,-58.12477774955,6.37));
#4732=CARTESIAN_POINT('Origin',(0.802705105409998,-58.12477774955,6.37));
#4733=CARTESIAN_POINT('',(32.455359410719,-58.12477774955,6.37));
#4734=CARTESIAN_POINT('Origin',(31.455359410719,-58.12477774955,6.37));
#4735=CARTESIAN_POINT('',(1.80270510541,-39.12477774955,6.37));
#4736=CARTESIAN_POINT('Origin',(0.80270510541,-39.12477774955,6.37));
#4737=CARTESIAN_POINT('Origin',(1.30270510541,-45.17477774955,5.87));
#4738=CARTESIAN_POINT('Origin',(1.30270510541,-54.67477774955,5.87));
#4739=CARTESIAN_POINT('',(0.802705105410002,-54.67477774955,5.37));
#4740=CARTESIAN_POINT('Origin',(0.802705105410002,-60.12477774955,0.1));
#4741=CARTESIAN_POINT('',(0.802705105410002,-61.32477774955,0.1));
#4742=CARTESIAN_POINT('Origin',(30.955359410719,-46.969100818936,5.87));
#4743=CARTESIAN_POINT('Origin',(31.455359410719,-39.12477774955,5.37));
#4744=CARTESIAN_POINT('',(30.455359410719,-44.131652777705,6.37));
#4745=CARTESIAN_POINT('Origin',(23.6979164087238,-48.54882270093,5.87));
#4746=CARTESIAN_POINT('',(28.455359410719,-46.419100818936,5.37));
#4747=CARTESIAN_POINT('',(23.9450450299149,-48.9834805486541,5.37));
#4748=CARTESIAN_POINT('',(27.455359410719,-45.837329708319,6.37));
#4749=CARTESIAN_POINT('Origin',(27.955359410719,-51.821939284243,5.87));
#4750=CARTESIAN_POINT('',(28.455359410719,-54.419100818936,5.37));
#4751=CARTESIAN_POINT('',(28.455359410719,-51.821939284243,5.37));
#4752=CARTESIAN_POINT('',(27.455359410719,-55.000871929553,6.37));
#4753=CARTESIAN_POINT('Origin',(23.9347568963293,-52.4240367222568,5.87));
#4754=CARTESIAN_POINT('',(24.1818855175204,-51.9893788745326,5.37));
#4755=CARTESIAN_POINT('Origin',(29.955359410719,-45.566262353629,0.1));
#4756=CARTESIAN_POINT('',(28.455359410719,-46.419100818936,4.87));
#4757=CARTESIAN_POINT('',(28.455359410719,-46.419100818936,4.87));
#4758=CARTESIAN_POINT('',(28.455359410719,-46.419100818936,1.77));
#4759=CARTESIAN_POINT('',(28.455359410719,-46.419100818936,1.77));
#4760=CARTESIAN_POINT('',(29.955359410719,-45.566262353629,1.77));
#4761=CARTESIAN_POINT('',(23.1950450299149,-49.4098997813076,1.77));
#4762=CARTESIAN_POINT('',(29.955359410719,-45.566262353629,0.6));
#4763=CARTESIAN_POINT('',(29.955359410719,-45.566262353629,0.1));
#4764=CARTESIAN_POINT('',(29.196201754582,-45.9978882538863,0.6));
#4765=CARTESIAN_POINT('Origin',(28.455359410719,-54.419100818936,4.87));
#4766=CARTESIAN_POINT('',(28.455359410719,-54.419100818936,4.87));
#4767=CARTESIAN_POINT('',(28.455359410719,-54.419100818936,4.87));
#4768=CARTESIAN_POINT('',(28.455359410719,-51.821939284243,4.87));
#4769=CARTESIAN_POINT('Origin',(31.455359410719,-56.12477774955,0.1));
#4770=CARTESIAN_POINT('',(29.955359410719,-55.271939284243,0.6));
#4771=CARTESIAN_POINT('',(29.946201754582,-55.2667326166392,0.6));
#4772=CARTESIAN_POINT('',(29.955359410719,-55.271939284243,1.77));
#4773=CARTESIAN_POINT('',(29.955359410719,-55.271939284243,0.1));
#4774=CARTESIAN_POINT('',(28.455359410719,-54.419100818936,1.77));
#4775=CARTESIAN_POINT('',(24.1818855175204,-51.9893788745326,1.77));
#4776=CARTESIAN_POINT('',(28.455359410719,-54.419100818936,1.77));
#4777=CARTESIAN_POINT('Origin',(11.24699009398,-50.292125984252,4.87));
#4778=CARTESIAN_POINT('',(11.24699009398,-57.531140462281,4.87));
#4779=CARTESIAN_POINT('',(11.24699009398,-50.292125984252,4.87));
#4780=CARTESIAN_POINT('',(11.24699009398,-49.758451866901,4.87));
#4781=CARTESIAN_POINT('',(11.24699009398,-57.531140462281,4.87));
#4782=CARTESIAN_POINT('',(11.24699009398,-50.292125984252,4.87));
#4783=CARTESIAN_POINT('Origin',(7.74699009398,-50.292125984252,4.87));
#4784=CARTESIAN_POINT('',(4.246990095143,-50.2922162118767,4.87));
#4785=CARTESIAN_POINT('Origin',(7.74699009398,-50.292125984252,4.87));
#4786=CARTESIAN_POINT('',(4.246990095143,-50.2922162118767,4.87));
#4787=CARTESIAN_POINT('Origin',(4.24699009398,-57.5311404617187,4.87));
#4788=CARTESIAN_POINT('',(4.24699009398,-57.5311404617187,4.87));
#4789=CARTESIAN_POINT('',(4.24699009464725,-53.3779591046799,4.87));
#4790=CARTESIAN_POINT('',(4.24699009398,-57.5311404617187,4.87));
#4791=CARTESIAN_POINT('Origin',(7.74699009398,-57.531140462281,4.87));
#4792=CARTESIAN_POINT('Origin',(7.74699009398,-57.531140462281,4.87));
#4793=CARTESIAN_POINT('Origin',(16.1290322580645,-49.22477774955,4.87));
#4794=CARTESIAN_POINT('',(2.30270510541,-57.2587523457656,4.87));
#4795=CARTESIAN_POINT('',(2.30270510541,-55.27477774955,4.87));
#4796=CARTESIAN_POINT('',(3.80270510541,-56.3927269419811,4.87));
#4797=CARTESIAN_POINT('',(9.22698431107582,-53.2610178824303,4.87));
#4798=CARTESIAN_POINT('',(3.80270510541,-51.02477774955,4.87));
#4799=CARTESIAN_POINT('',(3.80270510541,-52.8087523457656,4.87));
#4800=CARTESIAN_POINT('',(2.30270510541,-51.02477774955,4.87));
#4801=CARTESIAN_POINT('',(9.96586868173725,-51.02477774955,4.87));
#4802=CARTESIAN_POINT('',(2.30270510541,-49.52477774955,4.87));
#4803=CARTESIAN_POINT('',(2.30270510541,-50.12477774955,4.87));
#4804=CARTESIAN_POINT('',(3.80270510541,-49.52477774955,4.87));
#4805=CARTESIAN_POINT('',(9.21586868173725,-49.52477774955,4.87));
#4806=CARTESIAN_POINT('',(3.80270510541,-45.5720164465172,4.87));
#4807=CARTESIAN_POINT('',(3.80270510541,-49.37477774955,4.87));
#4808=CARTESIAN_POINT('',(3.80270510541,-42.0581588138328,4.87));
#4809=CARTESIAN_POINT('Origin',(4.95300990602,-43.815087630175,4.87));
#4810=CARTESIAN_POINT('',(3.80270510541,-38.62477774955,4.87));
#4811=CARTESIAN_POINT('',(3.80270510541,-45.6414682816914,4.87));
#4812=CARTESIAN_POINT('',(28.455359410719,-38.62477774955,4.87));
#4813=CARTESIAN_POINT('',(9.96586868173725,-38.62477774955,4.87));
#4814=CARTESIAN_POINT('',(28.455359410719,-43.92477774955,4.87));
#4815=CARTESIAN_POINT('',(28.455359410719,-51.821939284243,4.87));
#4816=CARTESIAN_POINT('Origin',(16.1290322580645,-49.22477774955,1.77));
#4817=CARTESIAN_POINT('',(29.955359410719,-38.62477774955,1.77));
#4818=CARTESIAN_POINT('',(28.455359410719,-38.62477774955,1.77));
#4819=CARTESIAN_POINT('',(9.21586868173725,-38.62477774955,1.77));
#4820=CARTESIAN_POINT('',(29.955359410719,-52.2483585168965,1.77));
#4821=CARTESIAN_POINT('',(28.455359410719,-43.92477774955,1.77));
#4822=CARTESIAN_POINT('Origin',(16.1290322580645,-49.22477774955,1.77));
#4823=CARTESIAN_POINT('',(2.30270510541,-38.62477774955,1.77));
#4824=CARTESIAN_POINT('',(2.30270510541,-49.52477774955,1.77));
#4825=CARTESIAN_POINT('',(2.30270510541,-55.27477774955,1.77));
#4826=CARTESIAN_POINT('',(3.80270510541,-38.62477774955,1.77));
#4827=CARTESIAN_POINT('',(9.21586868173725,-38.62477774955,1.77));
#4828=CARTESIAN_POINT('',(3.80270510541,-42.0581588138328,1.77));
#4829=CARTESIAN_POINT('',(3.80270510541,-45.6414682816914,1.77));
#4830=CARTESIAN_POINT('',(3.80270510541,-45.5720164465172,1.77));
#4831=CARTESIAN_POINT('Origin',(4.95300990602,-43.815087630175,1.77));
#4832=CARTESIAN_POINT('',(3.80270510541,-49.52477774955,1.77));
#4833=CARTESIAN_POINT('',(3.80270510541,-49.37477774955,1.77));
#4834=CARTESIAN_POINT('',(9.21586868173725,-49.52477774955,1.77));
#4835=CARTESIAN_POINT('',(6.45300990602,-43.815087630175,1.77));
#4836=CARTESIAN_POINT('Origin',(4.95300990602,-43.815087630175,1.77));
#4837=CARTESIAN_POINT('Origin',(4.95300990602,-43.815087630175,1.77));
#4838=CARTESIAN_POINT('',(6.45300990602,-43.815087630175,1.77));
#4839=CARTESIAN_POINT('Origin',(28.455359410719,-38.62477774955,1.77));
#4840=CARTESIAN_POINT('',(28.455359410719,-38.62477774955,1.77));
#4841=CARTESIAN_POINT('Origin',(3.80270510541,-42.0581588138328,1.77));
#4842=CARTESIAN_POINT('',(3.80270510541,-38.62477774955,0.935));
#4843=CARTESIAN_POINT('',(3.80270510541,-42.0581588138328,1.77));
#4844=CARTESIAN_POINT('Origin',(4.95300990602,-43.815087630175,1.77));
#4845=CARTESIAN_POINT('',(3.80270510541,-45.5720164465172,1.77));
#4846=CARTESIAN_POINT('Origin',(3.80270510541,-49.52477774955,1.77));
#4847=CARTESIAN_POINT('',(3.80270510541,-49.52477774955,1.77));
#4848=CARTESIAN_POINT('Origin',(2.30270510541,-49.52477774955,1.77));
#4849=CARTESIAN_POINT('',(2.30270510541,-49.52477774955,1.77));
#4850=CARTESIAN_POINT('Origin',(3.80270510541,-51.02477774955,1.77));
#4851=CARTESIAN_POINT('',(2.30270510541,-51.02477774955,1.77));
#4852=CARTESIAN_POINT('',(3.80270510541,-51.02477774955,1.77));
#4853=CARTESIAN_POINT('',(9.96586868173725,-51.02477774955,1.77));
#4854=CARTESIAN_POINT('',(2.30270510541,-51.02477774955,0.935));
#4855=CARTESIAN_POINT('',(3.80270510541,-51.02477774955,1.77));
#4856=CARTESIAN_POINT('Origin',(3.80270510541,-56.3927269419811,1.77));
#4857=CARTESIAN_POINT('',(3.80270510541,-56.3927269419811,1.77));
#4858=CARTESIAN_POINT('',(3.80270510541,-52.8087523457656,1.77));
#4859=CARTESIAN_POINT('',(3.80270510541,-56.3927269419811,1.77));
#4860=CARTESIAN_POINT('Origin',(2.30270510541,-57.2587523457656,1.77));
#4861=CARTESIAN_POINT('',(2.30270510541,-57.2587523457656,1.77));
#4862=CARTESIAN_POINT('',(9.22698431107582,-53.2610178824303,1.77));
#4863=CARTESIAN_POINT('',(2.30270510541,-57.2587523457656,1.77));
#4864=CARTESIAN_POINT('Origin',(16.1290322580645,-49.22477774955,1.77));
#4865=CARTESIAN_POINT('',(2.30270510541,-55.27477774955,1.77));
#4866=CARTESIAN_POINT('Origin',(2.30270510541,-61.32477774955,0.1));
#4867=CARTESIAN_POINT('',(2.30270510541,-38.62477774955,0.1));
#4868=CARTESIAN_POINT('',(2.30270510541,-38.62477774955,0.1));
#4869=CARTESIAN_POINT('',(2.30270510541,-38.62477774955,0.1));
#4870=CARTESIAN_POINT('Origin',(31.455359410719,-37.12477774955,0.1));
#4871=CARTESIAN_POINT('',(31.455359410719,-37.12477774955,0.1));
#4872=CARTESIAN_POINT('',(31.455359410719,-37.12477774955,0.1));
#4873=CARTESIAN_POINT('',(0.802705105410002,-37.12477774955,0.1));
#4874=CARTESIAN_POINT('Origin',(31.455359410719,-39.12477774955,0.1));
#4875=CARTESIAN_POINT('Origin',(31.455359410719,-39.12477774955,0.1));
#4876=CARTESIAN_POINT('Origin',(16.1290322580645,-49.22477774955,1.77));
#4877=CARTESIAN_POINT('',(29.955359410719,-52.2483585168965,1.77));
#4878=CARTESIAN_POINT('',(28.455359410719,-58.32477774955,1.77));
#4879=CARTESIAN_POINT('',(22.2921958343918,-58.32477774955,1.77));
#4880=CARTESIAN_POINT('',(28.455359410719,-51.821939284243,1.77));
#4881=CARTESIAN_POINT('Origin',(28.455359410719,-58.32477774955,1.77));
#4882=CARTESIAN_POINT('',(28.455359410719,-58.32477774955,1.77));
#4883=CARTESIAN_POINT('Origin',(28.455359410719,-54.419100818936,1.77));
#4884=CARTESIAN_POINT('Origin',(30.705359410719,-50.419100818936,0.6));
#4885=CARTESIAN_POINT('',(29.955359410719,-67.92843535687,0.6));
#4886=CARTESIAN_POINT('Origin',(2.30270510541,-38.62477774955,0.1));
#4887=CARTESIAN_POINT('',(29.955359410719,-38.62477774955,0.1));
#4888=CARTESIAN_POINT('',(29.955359410719,-38.62477774955,0.1));
#4889=CARTESIAN_POINT('',(29.955359410719,-38.62477774955,0.1));
#4890=CARTESIAN_POINT('Origin',(0.80270510541,-39.12477774955,0.1));
#4891=CARTESIAN_POINT('',(1.80270510541,-39.12477774955,0.1));
#4892=CARTESIAN_POINT('',(1.80270510541,-39.12477774955,0.1));
#4893=CARTESIAN_POINT('Origin',(0.80270510541,-39.12477774955,0.1));
#4894=CARTESIAN_POINT('Origin',(0.802705105409998,-58.12477774955,0.1));
#4895=CARTESIAN_POINT('',(1.80270510541,-58.12477774955,0.1));
#4896=CARTESIAN_POINT('',(1.80270510541,-58.12477774955,0.1));
#4897=CARTESIAN_POINT('Origin',(0.802705105409998,-58.12477774955,0.1));
#4898=CARTESIAN_POINT('Origin',(31.455359410719,-39.12477774955,0.1));
#4899=CARTESIAN_POINT('',(32.455359410719,-39.12477774955,0.1));
#4900=CARTESIAN_POINT('',(32.455359410719,-39.12477774955,0.1));
#4901=CARTESIAN_POINT('Origin',(31.455359410719,-39.12477774955,0.1));
#4902=CARTESIAN_POINT('Origin',(31.455359410719,-58.12477774955,0.1));
#4903=CARTESIAN_POINT('',(32.455359410719,-58.12477774955,0.1));
#4904=CARTESIAN_POINT('',(32.455359410719,-58.12477774955,0.1));
#4905=CARTESIAN_POINT('Origin',(31.455359410719,-58.12477774955,0.1));
#4906=CARTESIAN_POINT('Origin',(29.955359410719,-55.271939284243,0.1));
#4907=CARTESIAN_POINT('',(29.955359410719,-67.92843535687,0.1));
#4908=CARTESIAN_POINT('Origin',(31.705359410719,-58.2983585168965,0.1));
#4909=UNCERTAINTY_MEASURE_WITH_UNIT(LENGTH_MEASURE(0.01),#4913,
'DISTANCE_ACCURACY_VALUE',
'Maximum model space distance between geometric entities at asserted c
onnectivities');
#4910=UNCERTAINTY_MEASURE_WITH_UNIT(LENGTH_MEASURE(0.01),#4913,
'DISTANCE_ACCURACY_VALUE',
'Maximum model space distance between geometric entities at asserted c
onnectivities');
#4911=(
GEOMETRIC_REPRESENTATION_CONTEXT(3)
GLOBAL_UNCERTAINTY_ASSIGNED_CONTEXT((#4909))
GLOBAL_UNIT_ASSIGNED_CONTEXT((#4913,#4915,#4916))
REPRESENTATION_CONTEXT('','3D')
);
#4912=(
GEOMETRIC_REPRESENTATION_CONTEXT(3)
GLOBAL_UNCERTAINTY_ASSIGNED_CONTEXT((#4910))
GLOBAL_UNIT_ASSIGNED_CONTEXT((#4913,#4915,#4916))
REPRESENTATION_CONTEXT('','3D')
);
#4913=(
LENGTH_UNIT()
NAMED_UNIT(*)
SI_UNIT(.MILLI.,.METRE.)
);
#4914=(
LENGTH_UNIT()
NAMED_UNIT(*)
SI_UNIT($,.METRE.)
);
#4915=(
NAMED_UNIT(*)
PLANE_ANGLE_UNIT()
SI_UNIT($,.RADIAN.)
);
#4916=(
NAMED_UNIT(*)
SI_UNIT($,.STERADIAN.)
SOLID_ANGLE_UNIT()
);
#4917=SHAPE_DEFINITION_REPRESENTATION(#4918,#4919);
#4918=PRODUCT_DEFINITION_SHAPE('',$,#4921);
#4919=SHAPE_REPRESENTATION('',(#2785),#4911);
#4920=PRODUCT_DEFINITION_CONTEXT('part definition',#4925,'design');
#4921=PRODUCT_DEFINITION('Top half','Top half',#4922,#4920);
#4922=PRODUCT_DEFINITION_FORMATION('',$,#4927);
#4923=PRODUCT_RELATED_PRODUCT_CATEGORY('Top half','Top half',(#4927));
#4924=APPLICATION_PROTOCOL_DEFINITION('international standard',
'automotive_design',2009,#4925);
#4925=APPLICATION_CONTEXT(
'Core Data for Automotive Mechanical Design Process');
#4926=PRODUCT_CONTEXT('part definition',#4925,'mechanical');
#4927=PRODUCT('Top half','Top half',$,(#4926));
#4928=PRESENTATION_STYLE_ASSIGNMENT((#4931));
#4929=PRESENTATION_STYLE_ASSIGNMENT((#4932));
#4930=PRESENTATION_STYLE_ASSIGNMENT((#4933));
#4931=SURFACE_STYLE_USAGE(.BOTH.,#4934);
#4932=SURFACE_STYLE_USAGE(.BOTH.,#4935);
#4933=SURFACE_STYLE_USAGE(.BOTH.,#4936);
#4934=SURFACE_SIDE_STYLE('',(#4937));
#4935=SURFACE_SIDE_STYLE('',(#4938));
#4936=SURFACE_SIDE_STYLE('',(#4939));
#4937=SURFACE_STYLE_FILL_AREA(#4940);
#4938=SURFACE_STYLE_FILL_AREA(#4941);
#4939=SURFACE_STYLE_FILL_AREA(#4942);
#4940=FILL_AREA_STYLE('Steel - Satin',(#4943));
#4941=FILL_AREA_STYLE('Opaque(255,255,255)',(#4944));
#4942=FILL_AREA_STYLE('Opaque(128,64,64)',(#4945));
#4943=FILL_AREA_STYLE_COLOUR('Steel - Satin',#4946);
#4944=FILL_AREA_STYLE_COLOUR('Opaque(255,255,255)',#4947);
#4945=FILL_AREA_STYLE_COLOUR('Opaque(128,64,64)',#4948);
#4946=COLOUR_RGB('Steel - Satin',0.627450980392157,0.627450980392157,0.627450980392157);
#4947=COLOUR_RGB('Opaque(255,255,255)',1.,1.,1.);
#4948=COLOUR_RGB('Opaque(128,64,64)',0.501960784313725,0.250980392156863,
0.250980392156863);
ENDSEC;
END-ISO-10303-21;
